"hours","Category","Mass_Emission","Cumulative_Mass"
0,"Indole",0.12643859607145,0.12643859607145
0,"Other",8.29650610281266,8.29650610281266
0,"Phenol",4.56299132988771,4.56299132988771
0,"VFA",22.6729381664491,22.6729381664491
0,"VSC",1.88579829955149,1.88579829955149
0.5,"Indole",0.110307496159034,0.236746092230484
0.5,"Other",6.34830785714394,14.6448139599566
0.5,"Phenol",4.57206430689928,9.13505563678699
0.5,"VFA",44.3929567125043,67.0658948789534
0.5,"VSC",0.128724340260593,2.01452263981208
1,"Indole",0.0904643280673741,0.327210420297858
1,"Other",7.2119376513472,21.8567516113038
1,"Phenol",4.23848926895512,13.3735449057421
1,"VFA",61.1757212191258,128.241616098079
1,"VSC",0.219887190646209,2.23440983045829
1.5,"Indole",0.0594099974333326,0.386620417731191
1.5,"Other",4.71237393153623,26.56912554284
1.5,"Phenol",4.25588492256209,17.6294298283042
1.5,"VFA",56.1667790344895,184.408395132569
1.5,"VSC",0.128303971215749,2.36271380167404
2,"Indole",0.0720072184296188,0.458627636160809
2,"Other",3.59144856515165,30.1605741079917
2,"Phenol",4.14227567361746,21.7717055019217
2,"VFA",53.9712982753883,238.379693407957
2,"VSC",0.100443748287488,2.46315754996153
2.5,"Indole",0.069706071717754,0.528333707878563
2.5,"Other",3.37551168793655,33.5360857959282
2.5,"Phenol",4.20480018723249,25.9765056891542
2.5,"VFA",58.6211215721837,297.000814980141
2.5,"VSC",0.12822645154454,2.59138400150607
3,"Indole",0.0410795266840957,0.569413234562659
3,"Other",1.52954239346853,35.0656281893968
3,"Phenol",3.44769101162446,29.4241967007786
3,"VFA",51.401730816479,348.40254579662
3,"VSC",0.0726525290299602,2.66403653053603
3.5,"Indole",0,0.569413234562659
3.5,"Other",1.90735276957738,36.9729809589741
3.5,"Phenol",4.16566938207028,33.5898660828489
3.5,"VFA",66.622569696315,415.025115492935
3.5,"VSC",0.102412294315185,2.76644882485121
4,"Indole",0.0648660303456399,0.634279264908299
4,"Other",1.67804741544972,38.6510283744239
4,"Phenol",2.62155945751611,36.211425540365
4,"VFA",45.9898314193782,461.014946912313
4,"VSC",0.0656486892157666,2.83209751406698
4.5,"Indole",0.0338023487087399,0.668081613617039
4.5,"Other",1.2921013672723,39.9431297416962
4.5,"Phenol",1.57129910643662,37.7827246468016
4.5,"VFA",26.962334671792,487.977281584105
4.5,"VSC",0.205333362567071,3.03743087663405
5,"Indole",0.0121886213918648,0.680270235008904
5,"Other",0.873845952098969,40.8169756937951
5,"Phenol",0.934097623985304,38.7168222707869
5,"VFA",15.8997824573533,503.877064041458
5,"VSC",0.0485615796351946,3.08599245626925
5.5,"Indole",0.0123627703108402,0.692633005319744
5.5,"Other",0.785365286102369,41.6023409798975
5.5,"Phenol",1.1199077962946,39.8367300670815
5.5,"VFA",18.392828628014,522.269892669472
5.5,"VSC",0.0719658202578136,3.15795827652706
6,"Indole",0.045959908126322,0.738592913446066
6,"Other",0.772953452836039,42.3752944327335
6,"Phenol",0.977644070977743,40.8143741380593
6,"VFA",15.2562230284601,537.526115697932
6,"VSC",0.194501724173536,3.3524600007006
6.5,"Indole",0,0.738592913446066
6.5,"Other",0.718712684695908,43.0940071174294
6.5,"Phenol",0.713855666899357,41.5282298049586
6.5,"VFA",9.22891146196603,546.755027159898
6.5,"VSC",0.0130667616649599,3.36552676236556
7,"Indole",0,0.738592913446066
7,"Other",0.234614519439194,43.3286216368686
7,"Phenol",0.681866034265901,42.2100958392245
7,"VFA",6.19111884499087,552.946146004889
7,"VSC",0.471386554055369,3.83691331642093
7.5,"Indole",0.013431810274813,0.752024723720879
7.5,"Other",0.445600192420663,43.7742218292893
7.5,"Phenol",0.680139250026669,42.8902350892512
7.5,"VFA",4.80463835343235,557.750784358322
7.5,"VSC",0.0501017728949844,3.88701508931591
8,"Indole",0.00433700646099063,0.75636173018187
8,"Other",0.351167176630769,44.1253890059201
8,"Phenol",0.378390327758712,43.2686254170099
8,"VFA",2.40440546349771,560.155189821819
8,"VSC",0.181113418194585,4.06812850751049
8.5,"Indole",0.00413986980367287,0.760501599985542
8.5,"Other",0.366887369858355,44.4922763757784
8.5,"Phenol",0.368304627585441,43.6369300445954
8.5,"VFA",2.31440467779134,562.469594499611
8.5,"VSC",0.173000258878201,4.2411287663887
9,"Indole",0.00394273314635511,0.764444333131898
9,"Other",0.382607563085941,44.8748839388644
9,"Phenol",0.358218927412169,43.9951489720075
9,"VFA",2.22440389208496,564.693998391696
9,"VSC",0.164887099561817,4.40601586595051
9.5,"Indole",0.00374559648903736,0.768189929620935
9.5,"Other",0.398327756313527,45.2732116951779
9.5,"Phenol",0.348133227238898,44.3432821992464
9.5,"VFA",2.13440310637859,566.828401498074
9.5,"VSC",0.156773940245433,4.56278980619595
10,"Indole",0.0035484598317196,0.771738389452654
10,"Other",0.414047949541113,45.687259644719
10,"Phenol",0.338047527065627,44.6813297263121
10,"VFA",2.04440232067221,568.872803818746
10,"VSC",0.148660780929049,4.71145058712499
10.5,"Indole",0.00335132317440185,0.775089712627056
10.5,"Other",0.429768142768699,46.1170277874877
10.5,"Phenol",0.327961826892355,45.0092915532044
10.5,"VFA",1.95440153496584,570.827205353712
10.5,"VSC",0.140547621612665,4.85199820873766
11,"Indole",0.00315418651708409,0.77824389914414
11,"Other",0.445488335996285,46.562516123484
11,"Phenol",0.317876126719084,45.3271676799235
11,"VFA",1.86440074925947,572.691606102972
11,"VSC",0.132434462296282,4.98443267103394
11.5,"Indole",0.00295704985976634,0.781200949003907
11.5,"Other",0.461208529223872,47.0237246527079
11.5,"Phenol",0.307790426545812,45.6349581064693
11.5,"VFA",1.77439996355309,574.466006066525
11.5,"VSC",0.124321302979898,5.10875397401384
12,"Indole",0.00275991320244858,0.783960862206355
12,"Other",0.476928722451458,47.5006533751593
12,"Phenol",0.297704726372541,45.9326628328418
12,"VFA",1.68439917784672,576.150405244372
12,"VSC",0.116208143663514,5.22496211767735
12.5,"Indole",0.00256277654513082,0.786523638751486
12.5,"Other",0.492648915679044,47.9933022908384
12.5,"Phenol",0.287619026199269,46.2202818590411
12.5,"VFA",1.59439839214034,577.744803636512
12.5,"VSC",0.10809498434713,5.33305710202448
13,"Indole",0.00236563988781307,0.788889278639299
13,"Other",0.50836910890663,48.501671399745
13,"Phenol",0.277533326025998,46.4978151850671
13,"VFA",1.50439760643397,579.249201242946
13,"VSC",0.0999818250307464,5.43303892705523
13.5,"Indole",0.00216850323049531,0.791057781869795
13.5,"Other",0.524089302134216,49.0257607018792
13.5,"Phenol",0.267447625852727,46.7652628109198
13.5,"VFA",1.41439682072759,580.663598063673
13.5,"VSC",0.0918686657143626,5.52490759276959
14,"Indole",0.00197136657317756,0.793029148442972
14,"Other",0.539809495361802,49.565570197241
14,"Phenol",0.257361925679455,47.0226247365993
14,"VFA",1.32439603502122,581.987994098695
14,"VSC",0.0837555063979787,5.60866309916757
14.5,"Indole",0.0017742299158598,0.794803378358832
14.5,"Other",0.555529688589388,50.1210998858304
14.5,"Phenol",0.247276225506184,47.2699009621055
14.5,"VFA",1.23439524931484,583.22238934801
14.5,"VSC",0.0756423470815949,5.68430544624917
15,"Indole",0.00157709325854205,0.796380471617374
15,"Other",0.571249881816974,50.6923497676474
15,"Phenol",0.237190525332912,47.5070914874384
15,"VFA",1.14439446360847,584.366783811618
15,"VSC",0.0675291877652111,5.75183463401438
15.5,"Indole",0.00137995660122429,0.797760428218598
15.5,"Other",0.586970075044561,51.2793198426919
15.5,"Phenol",0.227104825159641,47.734196312598
15.5,"VFA",1.0543936779021,585.42117748952
15.5,"VSC",0.0594160284488273,5.8112506624632
16,"Indole",0.00118281994390653,0.798943248162505
16,"Other",0.602690268272147,51.8820101109641
16,"Phenol",0.21701912498637,47.9512154375844
16,"VFA",0.964392892195722,586.385570381716
16,"VSC",0.0513028691324435,5.86255353159565
16.5,"Indole",0.000985683286588779,0.799928931449094
16.5,"Other",0.618410461499733,52.5004205724638
16.5,"Phenol",0.206933424813098,48.1581488623975
16.5,"VFA",0.874392106489347,587.259962488205
16.5,"VSC",0.0431897098160597,5.90574324141171
17,"Indole",0.000788546629271023,0.800717478078365
17,"Other",0.634130654727319,53.1345512271911
17,"Phenol",0.196847724639827,48.3549965870373
17,"VFA",0.784391320782973,588.044353808988
17,"VSC",0.0350765504996758,5.94081979191138
17.5,"Indole",0.000591409971953267,0.801308888050318
17.5,"Other",0.649850847954905,53.784402075146
17.5,"Phenol",0.186762024466555,48.5417586115039
17.5,"VFA",0.694390535076599,588.738744344065
17.5,"VSC",0.026963391183292,5.96778318309468
18,"Indole",0.000394273314635512,0.801703161364953
18,"Other",0.665571041182491,54.4499731163285
18,"Phenol",0.176676324293284,48.7184349357972
18,"VFA",0.604389749370224,589.343134093435
18,"VSC",0.0188502318669082,5.98663341496158
18.5,"Indole",0.000197136657317756,0.801900298022271
18.5,"Other",0.681291234410077,55.1312643507386
18.5,"Phenol",0.166590624120012,48.8850255599172
18.5,"VFA",0.51438896366385,589.857523057099
18.5,"VSC",0.0107370725505244,5.99737048751211
19,"Indole",0,0.801900298022271
19,"Other",0.697011427637664,55.8282757783763
19,"Phenol",0.156504923946741,49.0415304838639
19,"VFA",0.424388177957475,590.281911235056
19,"VSC",0.00262391323414058,5.99999440074625
19.5,"Indole",0.0183388910473409,0.820239189069612
19.5,"Other",0.536595462138286,56.3648712405146
19.5,"Phenol",0.1271957582362,49.1687262421001
19.5,"VFA",0.231538692013125,590.513449927069
19.5,"VSC",0.303171706698655,6.3031661074449
20,"Indole",0,0.820239189069612
20,"Other",0.921002198443258,57.2858734389578
20,"Phenol",0.179486654855909,49.348212896956
20,"VFA",0.3123346865187,590.825784613588
20,"VSC",0.0831780515389826,6.38634415898389
20.5,"Indole",0,0.820239189069612
20.5,"Other",2.2740469611101,59.5599204000679
20.5,"Phenol",0.348061664789961,49.696274561746
20.5,"VFA",1.99222977483517,592.818014388423
20.5,"VSC",0.198931612109656,6.58527577109354
21,"Indole",0,0.820239189069612
21,"Other",3.62709172377695,63.1870121238449
21,"Phenol",0.516636674724014,50.21291123647
21,"VFA",3.67212486315163,596.490139251575
21,"VSC",0.314685172680329,6.89996094377387
21.5,"Indole",0,0.820239189069612
21.5,"Other",4.9801364864438,68.1671486102887
21.5,"Phenol",0.685211684658067,50.8981229211281
21.5,"VFA",5.35201995146809,601.842159203043
21.5,"VSC",0.430438733251002,7.33039967702487
22,"Indole",0,0.820239189069612
22,"Other",16.2028566298622,84.3700052401509
22,"Phenol",1.68248887143785,52.5806117925659
22,"VFA",50.1959583778706,652.038117580914
22,"VSC",0,7.33039967702487
22.5,"Indole",0,0.820239189069612
22.5,"Other",11.9369258166595,96.3069310568104
22.5,"Phenol",1.04625492257111,53.626866715137
22.5,"VFA",39.7358589048896,691.773976485803
22.5,"VSC",0.0698604350813254,7.4002601121062
23,"Indole",0,0.820239189069612
23,"Other",11.7063989866237,108.013330043434
23,"Phenol",0.917608210270332,54.5444749254074
23,"VFA",31.2453721019911,723.019348587794
23,"VSC",0,7.4002601121062
23.5,"Indole",0,0.820239189069612
23.5,"Other",13.9510398040347,121.964369847469
23.5,"Phenol",1.30786007721809,55.8523350026255
23.5,"VFA",41.8831431901331,764.902491777927
23.5,"VSC",0,7.4002601121062
24,"Indole",0,0.820239189069612
24,"Other",20.9447106937785,142.909080541247
24,"Phenol",1.77405384958295,57.6263888522084
24,"VFA",59.5057030577328,824.40819483566
24,"VSC",0,7.4002601121062
24.5,"Indole",0,0.820239189069612
24.5,"Other",12.0177440278386,154.926824569086
24.5,"Phenol",0.940824560031814,58.5672134122402
24.5,"VFA",49.7041269998426,874.112321835503
24.5,"VSC",0.0246687646000043,7.4249288767062
25,"Indole",0.0477260133989995,0.867965202468612
25,"Other",11.534626244581,166.461450813667
25,"Phenol",1.16235903311742,59.7295724453576
25,"VFA",50.4331628613562,924.545484696859
25,"VSC",0.0581047335267743,7.48303361023298
25.5,"Indole",0,0.867965202468612
25.5,"Other",7.57347475457507,174.034925568242
25.5,"Phenol",1.18328328829682,60.9128557336545
25.5,"VFA",56.2740006803229,980.819485377182
25.5,"VSC",0.0722187587600935,7.55525236899307
26,"Indole",0,0.867965202468612
26,"Other",5.59940744203029,179.634333010272
26,"Phenol",0.978468788591101,61.8913245222456
26,"VFA",48.9951313159869,1029.81461669317
26,"VSC",0.0680179308686514,7.62327029986172
26.5,"Indole",0,0.867965202468612
26.5,"Other",3.62534012948551,183.259673139758
26.5,"Phenol",0.773654288885384,62.6649788111309
26.5,"VFA",41.7162619516509,1071.53087864482
26.5,"VSC",0.0638171029772093,7.68708740283893
27,"Indole",0,0.867965202468612
27,"Other",4.2509970877069,187.510670227465
27,"Phenol",1.29608013981303,63.961058950944
27,"VFA",76.577991636918,1148.10887028174
27,"VSC",0.214245006801913,7.90133240964084
27.5,"Indole",0,0.867965202468612
27.5,"Other",1.77346694685184,189.284137174316
27.5,"Phenol",0.749257748790907,64.7103166997349
27.5,"VFA",44.7301022077583,1192.8389724895
27.5,"VSC",0.20303763018558,8.10437003982642
28,"Indole",0,0.867965202468612
28,"Other",2.65236657478307,191.9365037491
28,"Phenol",0.614934362234556,65.3252510619694
28,"VFA",41.2674617341804,1234.10643422368
28,"VSC",0,8.10437003982642
28.5,"Indole",0,0.867965202468612
28.5,"Other",3.88989457009794,195.826398319198
28.5,"Phenol",0.498788868825529,65.824039930795
28.5,"VFA",37.8048212606025,1271.91125548428
28.5,"VSC",0,8.10437003982642
29,"Indole",0,0.867965202468612
29,"Other",1.1339867726087,196.960385091806
29,"Phenol",0.296514374445172,66.1205543052401
29,"VFA",23.0508127832792,1294.96206826756
29,"VSC",0,8.10437003982642
29.5,"Indole",0,0.867965202468612
29.5,"Other",0.65501031935299,197.615395411159
29.5,"Phenol",0.272606589804947,66.3931608950451
29.5,"VFA",15.945378575161,1310.90744684272
29.5,"VSC",0,8.10437003982642
30,"Indole",0,0.867965202468612
30,"Other",1.02051770020225,198.635913111361
30,"Phenol",0.230167656206437,66.6233285512515
30,"VFA",12.3379868160493,1323.24543365877
30,"VSC",0,8.10437003982642
30.5,"Indole",0,0.867965202468612
30.5,"Other",0.625946092930957,199.261859204292
30.5,"Phenol",0.178472169639457,66.801800720891
30.5,"VFA",7.76267943272814,1331.0081130915
30.5,"VSC",0,8.10437003982642
31,"Indole",0,0.867965202468612
31,"Other",1.05041791833774,200.31227712263
31,"Phenol",0.183563724532424,66.9853644454234
31,"VFA",4.32196841542509,1335.33008150692
31,"VSC",0,8.10437003982642
31.5,"Indole",0,0.867965202468612
31.5,"Other",0.936461231916393,201.248738354547
31.5,"Phenol",0.0834475169247726,67.0688119623482
31.5,"VFA",1.21473406577281,1336.54481557269
31.5,"VSC",0,8.10437003982642
32,"Indole",0,0.867965202468612
32,"Other",0.468230615958197,201.716968970505
32,"Phenol",0.101707947096294,67.1705199094445
32,"VFA",1.22290509066503,1337.76772066336
32,"VSC",0,8.10437003982642
32.5,"Indole",0,0.867965202468612
32.5,"Other",0,201.716968970505
32.5,"Phenol",0.119968377267815,67.2904882867123
32.5,"VFA",1.23107611555724,1338.99879677892
32.5,"VSC",0,8.10437003982642
33,"Indole",0,0.867965202468612
33,"Other",0.00303279468788335,201.720001765193
33,"Phenol",0.121081743131966,67.4115700298442
33,"VFA",1.20525349925422,1340.20405027817
33,"VSC",0,8.10437003982642
33.5,"Indole",0,0.867965202468612
33.5,"Other",0.0060655893757667,201.726067354568
33.5,"Phenol",0.122195108996118,67.5337651388404
33.5,"VFA",1.17943088295119,1341.38348116112
33.5,"VSC",0,8.10437003982642
34,"Indole",0,0.867965202468612
34,"Other",0.00909838406365005,201.735165738632
34,"Phenol",0.123308474860269,67.6570736137006
34,"VFA",1.15360826664816,1342.53708942777
34,"VSC",0,8.10437003982642
34.5,"Indole",0,0.867965202468612
34.5,"Other",0.0121311787515334,201.747296917384
34.5,"Phenol",0.124421840724421,67.781495454425
34.5,"VFA",1.12778565034514,1343.66487507812
34.5,"VSC",0,8.10437003982642
35,"Indole",0,0.867965202468612
35,"Other",0.014765141608738,201.762062058992
35,"Phenol",0.329115275012811,68.1106107294379
35,"VFA",3.36080387284737,1347.02567895096
35,"VSC",0,8.10437003982642
35.5,"Indole",0,0.867965202468612
35.5,"Other",0.029220064350318,201.791282123343
35.5,"Phenol",0.327249082366128,68.437859811804
35.5,"VFA",3.31897687568274,1350.34465582665
35.5,"VSC",0,8.10437003982642
36,"Indole",0,0.867965202468612
36,"Other",0.043674987091898,201.834957110435
36,"Phenol",0.325382889719445,68.7632427015234
36,"VFA",3.27714987851811,1353.62180570516
36,"VSC",0,8.10437003982642
36.5,"Indole",0,0.867965202468612
36.5,"Other",0.058129909833478,201.893087020268
36.5,"Phenol",0.323516697072762,69.0867593985962
36.5,"VFA",3.23532288135348,1356.85712858652
36.5,"VSC",0,8.10437003982642
37,"Indole",0,0.867965202468612
37,"Other",0.072584832575058,201.965671852843
37,"Phenol",0.321650504426079,69.4084099030223
37,"VFA",3.19349588418886,1360.05062447071
37,"VSC",0,8.10437003982642
37.5,"Indole",0,0.867965202468612
37.5,"Other",0.087039755316638,202.05271160816
37.5,"Phenol",0.319784311779395,69.7281942148017
37.5,"VFA",3.15166888702423,1363.20229335773
37.5,"VSC",0,8.10437003982642
38,"Indole",0,0.867965202468612
38,"Other",0.101494678058218,202.154206286218
38,"Phenol",0.317918119132712,70.0461123339344
38,"VFA",3.1098418898596,1366.31213524759
38,"VSC",0,8.10437003982642
38.5,"Indole",0,0.867965202468612
38.5,"Other",0.115949600799798,202.270155887018
38.5,"Phenol",0.316051926486029,70.3621642604204
38.5,"VFA",3.06801489269498,1369.38015014028
38.5,"VSC",0,8.10437003982642
39,"Indole",0,0.867965202468612
39,"Other",0.130404523541378,202.400560410559
39,"Phenol",0.314185733839346,70.6763499942598
39,"VFA",3.02618789553035,1372.40633803582
39,"VSC",0,8.10437003982642
39.5,"Indole",0,0.867965202468612
39.5,"Other",0.144859446282958,202.545419856842
39.5,"Phenol",0.312319541192662,70.9886695354524
39.5,"VFA",2.98436089836572,1375.39069893418
39.5,"VSC",0,8.10437003982642
40,"Indole",0,0.867965202468612
40,"Other",0.159314369024538,202.704734225867
40,"Phenol",0.310453348545979,71.2991228839984
40,"VFA",2.9425339012011,1378.33323283538
40,"VSC",0,8.10437003982642
40.5,"Indole",0,0.867965202468612
40.5,"Other",0.173769291766118,202.878503517633
40.5,"Phenol",0.308587155899296,71.6077100398977
40.5,"VFA",2.90070690403647,1381.23393973942
40.5,"VSC",0,8.10437003982642
41,"Indole",0,0.867965202468612
41,"Other",0.427561640487225,203.30606515812
41,"Phenol",0.675583578732097,72.2832936186298
41,"VFA",9.25509530901177,1390.48903504843
41,"VSC",0,8.10437003982642
41.5,"Indole",0,0.867965202468612
41.5,"Other",0.332761999493061,203.638827157613
41.5,"Phenol",1.73522942181373,74.0185230404435
41.5,"VFA",16.9346524222534,1407.42368747068
41.5,"VSC",0,8.10437003982642
42,"Indole",0,0.867965202468612
42,"Other",0.243129057864939,203.881956215478
42,"Phenol",0.474344753691543,74.4928677941351
42,"VFA",7.0233940617756,1414.44708153246
42,"VSC",0,8.10437003982642
42.5,"Indole",0,0.867965202468612
42.5,"Other",0.123159200535466,204.005115416013
42.5,"Phenol",0.416925731832276,74.9097935259673
42.5,"VFA",5.30480889780903,1419.75189043027
42.5,"VSC",0,8.10437003982642
43,"Indole",0,0.867965202468612
43,"Other",0.0641463741490611,204.069261790162
43,"Phenol",0.311600663965667,75.221394189933
43,"VFA",3.77152591650585,1423.52341634677
43,"VSC",0,8.10437003982642
43.5,"Indole",0,0.867965202468612
43.5,"Other",0.0560517670817259,204.125313557244
43.5,"Phenol",0.210314055104918,75.4317082450379
43.5,"VFA",3.03877577256717,1426.56219211934
43.5,"VSC",0,8.10437003982642
44,"Indole",0,0.867965202468612
44,"Other",0.136078345417038,204.261391902661
44,"Phenol",0.216929507223353,75.6486377522613
44,"VFA",2.2874177616352,1428.84960988098
44,"VSC",0,8.10437003982642
44.5,"Indole",0,0.867965202468612
44.5,"Other",0.699341210223964,204.960733112885
44.5,"Phenol",0.234449456376671,75.8830872086379
44.5,"VFA",2.17195072244273,1431.02156060342
44.5,"VSC",0,8.10437003982642
45,"Indole",0,0.867965202468612
45,"Other",0.683964452754207,205.644697565639
45,"Phenol",0.243613297879529,76.1267005065175
45,"VFA",1.83878309657384,1432.86034369999
45,"VSC",0,8.10437003982642
45.5,"Indole",0,0.867965202468612
45.5,"Other",1.08252591749211,206.727223483131
45.5,"Phenol",0.270150078274296,76.3968505847918
45.5,"VFA",2.92027933935338,1435.78062303935
45.5,"VSC",0,8.10437003982642
46,"Indole",0,0.867965202468612
46,"Other",1.60281397203041,208.330037455162
46,"Phenol",0.33949453774306,76.7363451225348
46,"VFA",4.22778882306949,1440.00841186242
46,"VSC",0,8.10437003982642
46.5,"Indole",0,0.867965202468612
46.5,"Other",1.39350436681127,209.723541821973
46.5,"Phenol",0.184031116176298,76.9203762387111
46.5,"VFA",3.55159566839888,1443.56000753081
46.5,"VSC",0,8.10437003982642
47,"Indole",0,0.867965202468612
47,"Other",2.49785117929017,212.221393001263
47,"Phenol",0.116916117811235,77.0372923565224
47,"VFA",7.34855594309602,1450.90856347391
47,"VSC",0,8.10437003982642
47.5,"Indole",0,0.867965202468612
47.5,"Other",3.66190609647838,215.883299097742
47.5,"Phenol",0.262918347933292,77.3002107044557
47.5,"VFA",14.6809031050717,1465.58946657898
47.5,"VSC",0,8.10437003982642
48,"Indole",0,0.867965202468612
48,"Other",2.97720476562605,218.860503863368
48,"Phenol",0.156956246412389,77.457166950868
48,"VFA",11.5989142343398,1477.18838081332
48,"VSC",0,8.10437003982642
48.5,"Indole",0,0.867965202468612
48.5,"Other",2.96152828489475,221.822032148263
48.5,"Phenol",0.138694905779085,77.5958618566471
48.5,"VFA",17.5524878435128,1494.74086865684
48.5,"VSC",0,8.10437003982642
49,"Indole",0,0.867965202468612
49,"Other",2.94585180416344,224.767883952426
49,"Phenol",0.12043356514578,77.7162954217929
49,"VFA",23.5060614526858,1518.24693010952
49,"VSC",0,8.10437003982642
49.5,"Indole",0,0.867965202468612
49.5,"Other",3.00647460763192,227.774358560058
49.5,"Phenol",0.18842483187242,77.9047202536653
49.5,"VFA",19.7940730600766,1538.0410031696
49.5,"VSC",0,8.10437003982642
50,"Indole",0,0.867965202468612
50,"Other",4.86080102634065,232.635159586399
50,"Phenol",0.267916350476749,78.1726366041421
50,"VFA",40.6411234645883,1578.68212663419
50,"VSC",0,8.10437003982642
50.5,"Indole",0,0.867965202468612
50.5,"Other",2.8922866027194,235.527446189118
50.5,"Phenol",0.343248171759423,78.5158847759015
50.5,"VFA",36.9200602733552,1615.60218690754
50.5,"VSC",0,8.10437003982642
51,"Indole",0,0.867965202468612
51,"Other",1.62536703929834,237.152813228416
51,"Phenol",0.350305170835193,78.8661899467367
51,"VFA",26.7358850975731,1642.33807200511
51,"VSC",0,8.10437003982642
51.5,"Indole",0,0.867965202468612
51.5,"Other",0.358447475877276,237.511260704294
51.5,"Phenol",0.357362169910963,79.2235521166477
51.5,"VFA",16.5517099217911,1658.88978192691
51.5,"VSC",0,8.10437003982642
52,"Indole",0,0.867965202468612
52,"Other",0.322123654117747,237.833384358411
52,"Phenol",0.271054260043642,79.4946063766913
52,"VFA",13.0221238074003,1671.91190573431
52,"VSC",0,8.10437003982642
52.5,"Indole",0,0.867965202468612
52.5,"Other",0.285799832358219,238.11918419077
52.5,"Phenol",0.184746350176321,79.6793527268676
52.5,"VFA",9.49253769300941,1681.40444342731
52.5,"VSC",0,8.10437003982642
53,"Indole",0,0.867965202468612
53,"Other",0.249476010598691,238.368660201368
53,"Phenol",0.0984384403089997,79.7777911671766
53,"VFA",5.96295157861857,1687.36739500593
53,"VSC",0,8.10437003982642
53.5,"Indole",0.0401451354112066,0.908110337879818
53.5,"Other",1.11986687970961,239.488527081078
53.5,"Phenol",0.036914408528491,79.8147055757051
53.5,"VFA",2.43336546422772,1689.80076047016
53.5,"VSC",0.533256437001706,8.63762647682813
54,"Indole",0.034449674273473,0.942560012153291
54,"Other",1.32593647750172,240.81446355858
54,"Phenol",0.0212749199311333,79.8359804956362
54,"VFA",1.24786837328275,1691.04862884344
54,"VSC",0.0637578768701689,8.7013843536983
54.5,"Indole",0.0275901052796501,0.970150117432941
54.5,"Other",1.17917486963058,241.99363842821
54.5,"Phenol",0.0875576694283174,79.9235381650646
54.5,"VFA",1.34051530025596,1692.3891441437
54.5,"VSC",0.675213851139351,9.37659820483765
55,"Indole",0.0368747629326688,1.00702488036561
55,"Other",0.915520940312261,242.909159368522
55,"Phenol",0.0712393428289969,79.9947775078936
55,"VFA",1.00575430068327,1693.39489844438
55,"VSC",0.535146932390566,9.91174513722822
55.5,"Indole",0.0461594205856874,1.0531843009513
55.5,"Other",0.651867010993943,243.561026379516
55.5,"Phenol",0.0549210162296763,80.0496985241232
55.5,"VFA",0.670993301110582,1694.06589174549
55.5,"VSC",0.395080013641781,10.30682515087
56,"Indole",0.0554440782387061,1.10862837919
56,"Other",0.388213081675626,243.949239461192
56,"Phenol",0.0386026896303557,80.0883012137536
56,"VFA",0.336232301537894,1694.40212404703
56,"VSC",0.255013094892996,10.561838245763
56.5,"Indole",0.0647287358917248,1.17335711508173
56.5,"Other",0.124559152357308,244.073798613549
56.5,"Phenol",0.0222843630310352,80.1105855767846
56.5,"VFA",0.00147130196520653,1694.403595349
56.5,"VSC",0.114946176144211,10.6767844219072
57,"Indole",0,1.17335711508173
57,"Other",0.103759035828525,244.177557649378
57,"Phenol",0.0558067547114606,80.1663923314961
57,"VFA",0.0436144385445084,1694.44720978754
57,"VSC",0.529887931329592,11.2066723532368
57.5,"Indole",0.00427447724161001,1.17763159232334
57.5,"Other",0.123842808350492,244.301400457728
57.5,"Phenol",0.0102407358155529,80.1766330673116
57.5,"VFA",0,1694.44720978754
57.5,"VSC",0.203572010210624,11.4102443634474
58,"Indole",0.0203611355893692,1.19799272791271
58,"Other",0.17638939830603,244.477789856034
58,"Phenol",0.0258508269336105,80.2024838942452
58,"VFA",0.0140120536129389,1694.46122184115
58,"VSC",0.343042786877617,11.753287150325
58.5,"Indole",0.0482141619467148,1.24620688985942
58.5,"Other",0.498712250205342,244.97650210624
58.5,"Phenol",0.0296075359161617,80.2320914301614
58.5,"VFA",0.18795954901436,1694.64918139017
58.5,"VSC",0.212189038697442,11.9654761890225
59,"Indole",0.00126986630281358,1.24747675616224
59,"Other",1.29174613535956,246.268248241599
59,"Phenol",0.0172607567862716,80.2493521869477
59,"VFA",0.334913712504702,1694.98409510267
59,"VSC",0.00145488170259049,11.9669310707251
59.5,"Indole",0,1.24747675616224
59.5,"Other",3.99537247167157,250.263620713271
59.5,"Phenol",0.0896917810908265,80.3390439680385
59.5,"VFA",1.17336150375968,1696.15745660643
59.5,"VSC",0.446034225925495,12.4129652966506
60,"Indole",0.0187535825698001,1.26623033873204
60,"Other",2.83388221993263,253.097502933203
60,"Phenol",0.0497527396517078,80.3887967076902
60,"VFA",0.798291313347136,1696.95574791978
60,"VSC",0.30315596196498,12.7161212586155
60.5,"Indole",0.0375071651396002,1.30373750387164
60.5,"Other",1.6723919681937,254.769894901397
60.5,"Phenol",0.00981369821258908,80.3986104059028
60.5,"VFA",0.423221122934588,1697.37896904271
60.5,"VSC",0.160277698004465,12.87639895662
61,"Indole",0.125106707700821,1.42884421157246
61,"Other",4.726095722935,259.495990624332
61,"Phenol",0.0573935149257407,80.4560039208286
61,"VFA",0.898038660261472,1698.27700770298
61,"VSC",0.00376921374271862,12.8801681703627
61.5,"Indole",0.0625533538504104,1.49139756542287
61.5,"Other",12.9547877588453,272.450778383177
61.5,"Phenol",0.0286967574628703,80.4847006782914
61.5,"VFA",2.4048847081481,1700.68189241112
61.5,"VSC",0.557782478930021,13.4379506492928
62,"Indole",0,1.49139756542287
62,"Other",21.1834797947557,293.634258177933
62,"Phenol",0,80.4847006782914
62,"VFA",3.91173075603473,1704.59362316716
62,"VSC",1.11179574411732,14.5497463934101
62.5,"Indole",0,1.49139756542287
62.5,"Other",3.41497745541209,297.049235633345
62.5,"Phenol",0.0220423222393855,80.5067430005308
62.5,"VFA",0.562778651956351,1705.15640181912
62.5,"VSC",0.0698024888207009,14.6195488822308
63,"Indole",0,1.49139756542287
63,"Other",1.68142965136645,298.730665284712
63,"Phenol",0.0497824796200829,80.5565254801509
63,"VFA",0.336492017775968,1705.49289383689
63,"VSC",0.17251053706561,14.7920594192964
63.5,"Indole",0.0485393528625009,1.53993691828537
63.5,"Other",3.01177583928337,301.742441123995
63.5,"Phenol",0.0694442228424186,80.6259697029933
63.5,"VFA",0.521700488110114,1706.014594325
63.5,"VSC",0.0596208542476762,14.8516802735441
64,"Indole",0,1.53993691828537
64,"Other",4.5099552312811,306.252396355276
64,"Phenol",0.0203966040153207,80.6463663070086
64,"VFA",0.800484425162048,1706.81507875016
64,"VSC",0.201396505325714,15.0530767788698
64.5,"Indole",0.029402856051986,1.56933977433735
64.5,"Other",7.55929847884355,313.81169483412
64.5,"Phenol",0.0101983020076603,80.6565646090163
64.5,"VFA",1.17486494669511,1707.98994369686
64.5,"VSC",0.103655498868189,15.156732277738
65,"Indole",0.0588057121039721,1.62814548644133
65,"Other",10.608641726406,324.420336560526
65,"Phenol",0,80.6565646090163
65,"VFA",1.54924546822817,1709.53918916509
65,"VSC",0.00591449241066317,15.1626467701486
65.5,"Indole",0,1.62814548644133
65.5,"Other",10.1485576908202,334.568894251346
65.5,"Phenol",0,80.6565646090163
65.5,"VFA",1.54802974870574,1711.08721891379
65.5,"VSC",0.627193139325161,15.7898399094738
66,"Indole",0,1.62814548644133
66,"Other",12.2398974935773,346.808791744923
66,"Phenol",0.0764662918354016,80.7330309008517
66,"VFA",2.22570134027108,1713.31292025406
66,"VSC",0.584666269752148,16.3745061792259
66.5,"Indole",0,1.62814548644133
66.5,"Other",12.5319234103366,359.34071515526
66.5,"Phenol",0.0865843736968257,80.8196152745485
66.5,"VFA",1.79495071987401,1715.10787097394
66.5,"VSC",0.264441571600393,16.6389477508263
67,"Indole",0,1.62814548644133
67,"Other",5.25346287187229,364.594178027132
67,"Phenol",0.0401909484156131,80.8598062229641
67,"VFA",0.850130804512434,1715.95800177845
67,"VSC",0,16.6389477508263
67.5,"Indole",0.00587349097772547,1.63401897741905
67.5,"Other",4.9490103419998,369.543188369132
67.5,"Phenol",0.0238063030385717,80.8836125260027
67.5,"VFA",1.19700463491504,1717.15500641337
67.5,"VSC",0.103979563349027,16.7429273141754
68,"Indole",0.0117469819554509,1.6457659593745
68,"Other",4.64455781212732,374.187746181259
68,"Phenol",0.0074216576615303,80.8910341836642
68,"VFA",1.54387846531765,1718.69888487868
68,"VSC",0.207959126698054,16.9508864408734
68.5,"Indole",0.057781491217852,1.70354745059235
68.5,"Other",4.36657499113713,378.554321172396
68.5,"Phenol",0.0708038424441345,80.9618380261084
68.5,"VFA",1.64084505390705,1720.33972993259
68.5,"VSC",0.392689402114001,17.3435758429874
69,"Indole",0,1.70354745059235
69,"Other",3.04701803044281,381.601339202839
69,"Phenol",0.0446132504135312,81.0064512765219
69,"VFA",1.41557138500086,1721.75530131759
69,"VSC",0.281579627245748,17.6251554702332
69.5,"Indole",0.00444533064923981,1.70799278124159
69.5,"Other",1.83517039651641,383.436509599356
69.5,"Phenol",0.0506415138461133,81.057092790368
69.5,"VFA",0.645090375616604,1722.40039169321
69.5,"VSC",0.0220910241383256,17.6472464943715
70,"Indole",0.00536797305960976,1.7133607543012
70,"Other",4.2036321361379,387.640141735494
70,"Phenol",0.100291354467464,81.1573841448355
70,"VFA",4.31986978392461,1726.72026147713
70,"VSC",0.0387765152601878,17.6860230096317
70.5,"Indole",0.0062906154699797,1.71965136977118
70.5,"Other",6.57209387575939,394.212235611253
70.5,"Phenol",0.149941195088815,81.3073253399243
70.5,"VFA",7.99464919223261,1734.71491066936
70.5,"VSC",0.05546200638205,17.7414850160137
71,"Indole",0,1.71965136977118
71,"Other",9.82349663650009,404.035732247753
71,"Phenol",0.187575166612289,81.4949005065366
71,"VFA",17.170787574938,1751.8856982443
71,"VSC",0.0408646855906702,17.7823497016044
71.5,"Indole",0,1.71965136977118
71.5,"Other",14.9113383233486,418.947070571102
71.5,"Phenol",0.350478682591382,81.845379189128
71.5,"VFA",20.1516539243711,1772.03735216867
71.5,"VSC",0.0463442590442984,17.8286939606487
72,"Indole",0,1.71965136977118
72,"Other",19.9991800101971,438.946250581299
72,"Phenol",0.513382198570476,82.3587613876984
72,"VFA",23.1325202738043,1795.16987244248
72,"VSC",0.0518238324979266,17.8805177931466
72.5,"Indole",0,1.71965136977118
72.5,"Other",25.0870216970456,464.033272278344
72.5,"Phenol",0.67628571454957,83.035047102248
72.5,"VFA",26.1133866232375,1821.28325906572
72.5,"VSC",0.0573034059515548,17.9378211990982
73,"Indole",0,1.71965136977118
73,"Other",17.1344146358632,481.167686914208
73,"Phenol",0.304850544379803,83.3398976466278
73,"VFA",15.3845990037035,1836.66785806942
73,"VSC",0.00532978474744157,17.9431509838456
73.5,"Indole",0.0656228846227451,1.78527425439393
73.5,"Other",15.5531318192963,496.720818733504
73.5,"Phenol",0.339872202682013,83.6797698493098
73.5,"VFA",14.9856444835137,1851.65350255293
73.5,"VSC",0.0172561704108756,17.9604071542565
74,"Indole",0.13124576924549,1.91652002363942
74,"Other",13.9718490027294,510.692667736233
74,"Phenol",0.374893860984223,84.0546637102941
74,"VFA",14.586689963324,1866.24019251626
74,"VSC",0.0291825560743096,17.9895897103308
74.5,"Indole",0.10651374315844,2.02303376679786
74.5,"Other",11.6027177931332,522.295385529366
74.5,"Phenol",0.297601034705552,84.3522647449996
74.5,"VFA",11.836665124372,1878.07685764063
74.5,"VSC",0.0500496985643891,18.0396394088952
75,"Indole",0.0817817170713889,2.10481548386925
75,"Other",9.23358658353712,531.528972112903
75,"Phenol",0.22030820842688,84.5725729534265
75,"VFA",9.08664028542003,1887.16349792605
75,"VSC",0.0709168410544686,18.1105562499497
75.5,"Indole",0.0570496909843382,2.16186517485359
75.5,"Other",6.864455373941,538.393427486845
75.5,"Phenol",0.143015382148209,84.7155883355747
75.5,"VFA",6.33661544646807,1893.50011337252
75.5,"VSC",0.0917839835445481,18.2023402334942
76,"Indole",0.0285248454921691,2.19039002034576
76,"Other",14.2787272011355,552.67215468798
76,"Phenol",0.103409083542037,84.8189974191167
76,"VFA",3.82131687349185,1897.32143024601
76,"VSC",0.0816412802303536,18.2839815137246
76.5,"Indole",0,2.19039002034576
76.5,"Other",21.69299902833,574.36515371631
76.5,"Phenol",0.0638027849358654,84.8828002040526
76.5,"VFA",1.30601830051564,1898.62744854652
76.5,"VSC",0.071498576916159,18.3554800906407
77,"Indole",0,2.19039002034576
77,"Other",1.83587353639932,576.201027252709
77,"Phenol",0.0160651889306475,84.8988653929832
77,"VFA",1.58750423978494,1900.21495278631
77,"VSC",0.148697118210242,18.504177208851
77.5,"Indole",0.021264661392149,2.2116546817379
77.5,"Other",1.41807478187874,577.619102034588
77.5,"Phenol",0.0193446284560457,84.9182100214393
77.5,"VFA",2.37940882544034,1902.59436161175
77.5,"VSC",0.0959103524687054,18.6000875613197
78,"Indole",0.0493669033990128,2.26102158513692
78,"Other",0.646567424643462,578.265669459232
78,"Phenol",0,84.9182100214393
78,"VFA",0.879099647250126,1903.473461259
78,"VSC",0.348911499740561,18.9489990610602
78.5,"Indole",0.0339473989533468,2.29496898409026
78.5,"Other",0.64530129824944,578.910970757481
78.5,"Phenol",0,84.9182100214393
78.5,"VFA",0.0814257874218505,1903.55488704642
78.5,"VSC",0.253685945141109,19.2026850062013
79,"Indole",0.022515803515623,2.31748478760589
79,"Other",0.555115045163917,579.466085802645
79,"Phenol",0,84.9182100214393
79,"VFA",0.0407128937109253,1903.59559994013
79,"VSC",0.564881643908245,19.7675666501096
79.5,"Indole",0.0110842080778993,2.32856899568379
79.5,"Other",0.464928792078394,579.931014594723
79.5,"Phenol",0,84.9182100214393
79.5,"VFA",0,1903.59559994013
79.5,"VSC",0.876077342675381,20.643643992785
80,"Indole",0.0065451042680534,2.33511409995184
80,"Other",0.0897634827135761,580.020778077437
80,"Phenol",0.00674953170796292,84.9249595531472
80,"VFA",0,1903.59559994013
80,"VSC",0.570738345123489,21.2143823379085
80.5,"Indole",0.00633631661763397,2.34145041656947
80.5,"Other",0.0836954341100411,580.104473511547
80.5,"Phenol",0.00626742230025128,84.9312269754475
80.5,"VFA",0.000168377290553053,1903.59576831742
80.5,"VSC",0.529971320471812,21.7443536583803
81,"Indole",0.00612752896721454,2.34757794553669
81,"Other",0.077627385506506,580.182100897053
81,"Phenol",0.00578531289253964,84.93701228834
81,"VFA",0.000336754581106107,1903.596105072
81,"VSC",0.489204295820134,22.2335579542004
81.5,"Indole",0.00591874131679512,2.35349668685348
81.5,"Other",0.0715593369029709,580.253660233956
81.5,"Phenol",0.005303203484828,84.9423154918249
81.5,"VFA",0.00050513187165916,1903.59661020388
81.5,"VSC",0.448437271168456,22.6819952253689
82,"Indole",0.00570995366637569,2.35920664051986
82,"Other",0.0654912882994358,580.319151522256
82,"Phenol",0.00482109407711637,84.947136585902
82,"VFA",0.000673509162212213,1903.59728371304
82,"VSC",0.407670246516778,23.0896654718856
82.5,"Indole",0.00550116601595626,2.36470780653582
82.5,"Other",0.0594232396959008,580.378574761952
82.5,"Phenol",0.00433898466940473,84.9514755705714
82.5,"VFA",0.000841886452765266,1903.59812559949
82.5,"VSC",0.3669032218651,23.4565686937507
83,"Indole",0.00529237836553684,2.37000018490135
83,"Other",0.0533551910923657,580.431929953044
83,"Phenol",0.00385687526169309,84.9553324458331
83,"VFA",0.00101026374331832,1903.59913586323
83,"VSC",0.326136197213423,23.7827048909642
83.5,"Indole",0.00508359071511741,2.37508377561647
83.5,"Other",0.0472871424888306,580.479217095533
83.5,"Phenol",0.00337476585398146,84.9587072116871
83.5,"VFA",0.00117864103387137,1903.60031450427
83.5,"VSC",0.285369172561745,24.0680740635259
84,"Indole",0.00487480306469799,2.37995857868117
84,"Other",0.0412190938852955,580.520436189418
84,"Phenol",0.00289265644626982,84.9615998681333
84,"VFA",0.00134701832442443,1903.60166152259
84,"VSC",0.244602147910067,24.312676211436
84.5,"Indole",0.00466601541427856,2.38462459409545
84.5,"Other",0.0351510452817605,580.5555872347
84.5,"Phenol",0.00241054703855818,84.9640104151719
84.5,"VFA",0.00151539561497748,1903.60317691821
84.5,"VSC",0.203835123258389,24.5165113346944
85,"Indole",0.00445722776385913,2.38908182185931
85,"Other",0.0290829966782254,580.584670231378
85,"Phenol",0.00192843763084655,84.9659388528027
85,"VFA",0.00168377290553053,1903.60486069111
85,"VSC",0.163068098606711,24.6795794333011
85.5,"Indole",0.00424844011343971,2.39333026197275
85.5,"Other",0.0230149480746903,580.607685179453
85.5,"Phenol",0.00144632822313491,84.9673851810259
85.5,"VFA",0.00185215019608359,1903.60671284131
85.5,"VSC",0.122301073955033,24.8018805072561
86,"Indole",0.00403965246302028,2.39736991443577
86,"Other",0.0169468994711552,580.624632078924
86,"Phenol",0.000964218815423274,84.9683493998413
86,"VFA",0.00202052748663664,1903.6087333688
86,"VSC",0.0815340493033557,24.8834145565595
86.5,"Indole",0.00383086481260085,2.40120077924837
86.5,"Other",0.0108788508676202,580.635510929792
86.5,"Phenol",0.000482109407711636,84.968831509249
86.5,"VFA",0.00218890477718969,1903.61092227357
86.5,"VSC",0.0407670246516778,24.9241815812111
87,"Indole",0.00362207716218143,2.40482285641055
87,"Other",0.00481080226408508,580.640321732056
87,"Phenol",0,84.968831509249
87,"VFA",0.00235728206774275,1903.61327955564
87,"VSC",0,24.9241815812111
87.5,"Indole",0,2.40482285641055
87.5,"Other",0,580.640321732056
87.5,"Phenol",0.0150581108769664,84.983889620126
87.5,"VFA",0,1903.61327955564
87.5,"VSC",0.0010108555968428,24.925192436808
88,"Indole",0,2.40482285641055
88,"Other",0.145006968730022,580.785328700786
88,"Phenol",0.0142382263065651,84.9981278464325
88,"VFA",0.049867269185148,1903.66314682483
88,"VSC",0.000909770037158517,24.9261022068451
88.5,"Indole",0,2.40482285641055
88.5,"Other",0.290013937460043,581.075342638246
88.5,"Phenol",0.0134183417361637,85.0115461881687
88.5,"VFA",0.099734538370296,1903.7628813632
88.5,"VSC",0.000808684477474237,24.9269108913226
89,"Indole",0,2.40482285641055
89,"Other",0.435020906190064,581.510363544436
89,"Phenol",0.0125984571657623,85.0241446453345
89,"VFA",0.149601807555444,1903.91248317075
89,"VSC",0.000707598917789958,24.9276184902404
89.5,"Indole",0,2.40482285641055
89.5,"Other",0.580027874920086,582.090391419356
89.5,"Phenol",0.011778572595361,85.0359232179298
89.5,"VFA",0.199469076740592,1904.11195224749
89.5,"VSC",0.000606513358105678,24.9282250035985
90,"Indole",0,2.40482285641055
90,"Other",0.725034843650108,582.815426263006
90,"Phenol",0.0109586880249596,85.0468819059548
90,"VFA",0.24933634592574,1904.36128859342
90,"VSC",0.000505427798421398,24.9287304313969
90.5,"Indole",0,2.40482285641055
90.5,"Other",0.870041812380129,583.685468075386
90.5,"Phenol",0.0101388034545583,85.0570207094093
90.5,"VFA",0.299203615110888,1904.66049220853
90.5,"VSC",0.000404342238737119,24.9291347736357
91,"Indole",0,2.40482285641055
91,"Other",1.01504878111015,584.700516856496
91,"Phenol",0.00931891888415693,85.0663396282935
91,"VFA",0.349070884296036,1905.00956309282
91,"VSC",0.000303256679052839,24.9294380303147
91.5,"Indole",0,2.40482285641055
91.5,"Other",1.16005574984017,585.860572606337
91.5,"Phenol",0.00849903431375557,85.0748386626072
91.5,"VFA",0.398938153481184,1905.40850124631
91.5,"VSC",0.000202171119368559,24.9296402014341
92,"Indole",0,2.40482285641055
92,"Other",1.30506271857019,587.165635324907
92,"Phenol",0.00767914974335422,85.0825178123506
92,"VFA",0.448805422666332,1905.85730666897
92,"VSC",0.00010108555968428,24.9297412869938
92.5,"Indole",0,2.40482285641055
92.5,"Other",1.45006968730022,588.615705012207
92.5,"Phenol",0.00685926517295287,85.0893770775236
92.5,"VFA",0.49867269185148,1906.35597936082
92.5,"VSC",0,24.9297412869938
93,"Indole",0.00156078756993539,2.40638364398048
93,"Other",3.80248410157486,592.418189113782
93,"Phenol",0.0680940689763287,85.1574711464999
93,"VFA",1.96918321540007,1908.32516257622
93,"VSC",0.29220651499345,25.2219478019872
93.5,"Indole",0.00312157513987077,2.40950521912035
93.5,"Other",6.15489851584951,598.573087629631
93.5,"Phenol",0.129328872779704,85.2868000192796
93.5,"VFA",3.43969373894866,1911.76485631517
93.5,"VSC",0.584413029986899,25.8063608319741
94,"Indole",0,2.40950521912035
94,"Other",15.1630147819997,613.736102411631
94,"Phenol",0.223357889519659,85.5101579087993
94,"VFA",11.9022470244915,1923.66710333966
94,"VSC",0.374990295304722,26.1813511272788
94.5,"Indole",0,2.40950521912035
94.5,"Other",26.8197031810498,640.555805592681
94.5,"Phenol",0.597340843098431,86.1074987518977
94.5,"VFA",48.8560374904163,1972.52314083008
94.5,"VSC",0.54670158103362,26.7280527083125
95,"Indole",0,2.40950521912035
95,"Other",17.8798021206999,658.435607713381
95,"Phenol",0.398227228732288,86.50572598063
95,"VFA",32.5706916602775,2005.09383249036
95,"VSC",0.36446772068908,27.0925204290015
95.5,"Indole",0,2.40950521912035
95.5,"Other",8.93990106034994,667.375508773731
95.5,"Phenol",0.199113614366144,86.7048395949961
95.5,"VFA",16.2853458301388,2021.3791783205
95.5,"VSC",0.18223386034454,27.2747542893461
96,"Indole",0,2.40950521912035
96,"Other",0,667.375508773731
96,"Phenol",0,86.7048395949961
96,"VFA",0,2021.3791783205
96,"VSC",0,27.2747542893461
96.5,"Indole",0,2.40950521912035
96.5,"Other",0,667.375508773731
96.5,"Phenol",0,86.7048395949961
96.5,"VFA",0,2021.3791783205
96.5,"VSC",0,27.2747542893461
97,"Indole",0,2.40950521912035
97,"Other",0,667.375508773731
97,"Phenol",0,86.7048395949961
97,"VFA",0,2021.3791783205
97,"VSC",0,27.2747542893461
97.5,"Indole",0,2.40950521912035
97.5,"Other",0,667.375508773731
97.5,"Phenol",0,86.7048395949961
97.5,"VFA",0,2021.3791783205
97.5,"VSC",0,27.2747542893461
98,"Indole",0,2.40950521912035
98,"Other",0,667.375508773731
98,"Phenol",0,86.7048395949961
98,"VFA",0,2021.3791783205
98,"VSC",0,27.2747542893461
98.5,"Indole",0,2.40950521912035
98.5,"Other",0,667.375508773731
98.5,"Phenol",0,86.7048395949961
98.5,"VFA",0,2021.3791783205
98.5,"VSC",0,27.2747542893461
99,"Indole",0,2.40950521912035
99,"Other",0,667.375508773731
99,"Phenol",0,86.7048395949961
99,"VFA",0,2021.3791783205
99,"VSC",0,27.2747542893461
99.5,"Indole",0,2.40950521912035
99.5,"Other",0,667.375508773731
99.5,"Phenol",0,86.7048395949961
99.5,"VFA",0,2021.3791783205
99.5,"VSC",0,27.2747542893461
100,"Indole",0,2.40950521912035
100,"Other",0,667.375508773731
100,"Phenol",0,86.7048395949961
100,"VFA",0,2021.3791783205
100,"VSC",0,27.2747542893461
100.5,"Indole",0,2.40950521912035
100.5,"Other",0,667.375508773731
100.5,"Phenol",0,86.7048395949961
100.5,"VFA",0,2021.3791783205
100.5,"VSC",0,27.2747542893461
101,"Indole",0,2.40950521912035
101,"Other",0,667.375508773731
101,"Phenol",0,86.7048395949961
101,"VFA",0,2021.3791783205
101,"VSC",0,27.2747542893461
101.5,"Indole",0,2.40950521912035
101.5,"Other",0,667.375508773731
101.5,"Phenol",0,86.7048395949961
101.5,"VFA",0,2021.3791783205
101.5,"VSC",0,27.2747542893461
102,"Indole",0,2.40950521912035
102,"Other",0,667.375508773731
102,"Phenol",0,86.7048395949961
102,"VFA",0,2021.3791783205
102,"VSC",0,27.2747542893461
102.5,"Indole",0,2.40950521912035
102.5,"Other",0,667.375508773731
102.5,"Phenol",0,86.7048395949961
102.5,"VFA",0,2021.3791783205
102.5,"VSC",0,27.2747542893461
103,"Indole",0,2.40950521912035
103,"Other",0,667.375508773731
103,"Phenol",0,86.7048395949961
103,"VFA",0,2021.3791783205
103,"VSC",0,27.2747542893461
103.5,"Indole",0,2.40950521912035
103.5,"Other",0,667.375508773731
103.5,"Phenol",0,86.7048395949961
103.5,"VFA",0,2021.3791783205
103.5,"VSC",0,27.2747542893461
104,"Indole",0,2.40950521912035
104,"Other",0,667.375508773731
104,"Phenol",0,86.7048395949961
104,"VFA",0,2021.3791783205
104,"VSC",0,27.2747542893461
104.5,"Indole",0,2.40950521912035
104.5,"Other",0,667.375508773731
104.5,"Phenol",0,86.7048395949961
104.5,"VFA",0,2021.3791783205
104.5,"VSC",0,27.2747542893461
105,"Indole",0,2.40950521912035
105,"Other",0,667.375508773731
105,"Phenol",0,86.7048395949961
105,"VFA",0,2021.3791783205
105,"VSC",0,27.2747542893461
105.5,"Indole",0,2.40950521912035
105.5,"Other",0,667.375508773731
105.5,"Phenol",0,86.7048395949961
105.5,"VFA",0,2021.3791783205
105.5,"VSC",0,27.2747542893461
106,"Indole",0,2.40950521912035
106,"Other",0,667.375508773731
106,"Phenol",0,86.7048395949961
106,"VFA",0,2021.3791783205
106,"VSC",0,27.2747542893461
106.5,"Indole",0,2.40950521912035
106.5,"Other",0,667.375508773731
106.5,"Phenol",0,86.7048395949961
106.5,"VFA",0,2021.3791783205
106.5,"VSC",0,27.2747542893461
107,"Indole",0,2.40950521912035
107,"Other",0,667.375508773731
107,"Phenol",0,86.7048395949961
107,"VFA",0,2021.3791783205
107,"VSC",0,27.2747542893461
107.5,"Indole",0,2.40950521912035
107.5,"Other",0,667.375508773731
107.5,"Phenol",0,86.7048395949961
107.5,"VFA",0,2021.3791783205
107.5,"VSC",0,27.2747542893461
108,"Indole",0,2.40950521912035
108,"Other",0,667.375508773731
108,"Phenol",0,86.7048395949961
108,"VFA",0,2021.3791783205
108,"VSC",0,27.2747542893461
108.5,"Indole",0,2.40950521912035
108.5,"Other",0,667.375508773731
108.5,"Phenol",0,86.7048395949961
108.5,"VFA",0,2021.3791783205
108.5,"VSC",0,27.2747542893461
109,"Indole",0,2.40950521912035
109,"Other",0,667.375508773731
109,"Phenol",0,86.7048395949961
109,"VFA",0,2021.3791783205
109,"VSC",0,27.2747542893461
109.5,"Indole",0,2.40950521912035
109.5,"Other",0,667.375508773731
109.5,"Phenol",0,86.7048395949961
109.5,"VFA",0,2021.3791783205
109.5,"VSC",0,27.2747542893461
110,"Indole",0,2.40950521912035
110,"Other",0,667.375508773731
110,"Phenol",0,86.7048395949961
110,"VFA",0,2021.3791783205
110,"VSC",0,27.2747542893461
110.5,"Indole",0,2.40950521912035
110.5,"Other",0,667.375508773731
110.5,"Phenol",0,86.7048395949961
110.5,"VFA",0,2021.3791783205
110.5,"VSC",0,27.2747542893461
111,"Indole",0,2.40950521912035
111,"Other",0,667.375508773731
111,"Phenol",0,86.7048395949961
111,"VFA",0,2021.3791783205
111,"VSC",0,27.2747542893461
111.5,"Indole",0,2.40950521912035
111.5,"Other",0,667.375508773731
111.5,"Phenol",0,86.7048395949961
111.5,"VFA",0,2021.3791783205
111.5,"VSC",0,27.2747542893461
112,"Indole",0,2.40950521912035
112,"Other",0,667.375508773731
112,"Phenol",0,86.7048395949961
112,"VFA",0,2021.3791783205
112,"VSC",0,27.2747542893461
112.5,"Indole",0,2.40950521912035
112.5,"Other",0,667.375508773731
112.5,"Phenol",0,86.7048395949961
112.5,"VFA",0,2021.3791783205
112.5,"VSC",0,27.2747542893461
113,"Indole",0,2.40950521912035
113,"Other",0,667.375508773731
113,"Phenol",0,86.7048395949961
113,"VFA",0,2021.3791783205
113,"VSC",0,27.2747542893461
113.5,"Indole",0,2.40950521912035
113.5,"Other",0,667.375508773731
113.5,"Phenol",0,86.7048395949961
113.5,"VFA",0,2021.3791783205
113.5,"VSC",0,27.2747542893461
114,"Indole",0,2.40950521912035
114,"Other",0,667.375508773731
114,"Phenol",0,86.7048395949961
114,"VFA",0,2021.3791783205
114,"VSC",0,27.2747542893461
114.5,"Indole",0,2.40950521912035
114.5,"Other",0,667.375508773731
114.5,"Phenol",0,86.7048395949961
114.5,"VFA",0,2021.3791783205
114.5,"VSC",0,27.2747542893461
115,"Indole",0,2.40950521912035
115,"Other",0,667.375508773731
115,"Phenol",0,86.7048395949961
115,"VFA",0,2021.3791783205
115,"VSC",0,27.2747542893461
115.5,"Indole",0,2.40950521912035
115.5,"Other",0,667.375508773731
115.5,"Phenol",0,86.7048395949961
115.5,"VFA",0,2021.3791783205
115.5,"VSC",0,27.2747542893461
116,"Indole",0,2.40950521912035
116,"Other",0,667.375508773731
116,"Phenol",0,86.7048395949961
116,"VFA",0,2021.3791783205
116,"VSC",0,27.2747542893461
116.5,"Indole",0,2.40950521912035
116.5,"Other",0,667.375508773731
116.5,"Phenol",0,86.7048395949961
116.5,"VFA",0,2021.3791783205
116.5,"VSC",0,27.2747542893461
117,"Indole",0,2.40950521912035
117,"Other",0,667.375508773731
117,"Phenol",0,86.7048395949961
117,"VFA",0,2021.3791783205
117,"VSC",0,27.2747542893461
117.5,"Indole",0,2.40950521912035
117.5,"Other",0,667.375508773731
117.5,"Phenol",0,86.7048395949961
117.5,"VFA",0,2021.3791783205
117.5,"VSC",0,27.2747542893461
118,"Indole",0,2.40950521912035
118,"Other",0,667.375508773731
118,"Phenol",0,86.7048395949961
118,"VFA",0,2021.3791783205
118,"VSC",0,27.2747542893461
118.5,"Indole",0,2.40950521912035
118.5,"Other",0,667.375508773731
118.5,"Phenol",0,86.7048395949961
118.5,"VFA",0,2021.3791783205
118.5,"VSC",0,27.2747542893461
119,"Indole",0,2.40950521912035
119,"Other",0,667.375508773731
119,"Phenol",0,86.7048395949961
119,"VFA",0,2021.3791783205
119,"VSC",0,27.2747542893461
119.5,"Indole",0,2.40950521912035
119.5,"Other",0,667.375508773731
119.5,"Phenol",0,86.7048395949961
119.5,"VFA",0,2021.3791783205
119.5,"VSC",0,27.2747542893461
