"acetic_acid","pentanoic_acid","acetaldheyde","formic_acid","methanthiol","acetone","X2_butanone","X2_3_butandion","phenol","X4_methyl_phenol","X4_ethyl_phenol","propanoic_acid","trimethylamine","isoprene","hydrogen_sulfide","methanol","dimethyl_sulfide","X3_methylindole","butanoic_acid","hours","SOAV"
1.00386331834711,3.63754710111576,2.45361674097599,0,0.281411352351947,8.41398778238699e-06,0.00216913604444311,2.03126761201223,0.0494266084361243,53.2358320388487,0.467393067105746,0.326200391836683,0.100435974222408,0.0022022297035575,2.5921646836167,4.76606312533602e-05,0.0156342679617176,12.4670939569921,8.15609801327941,0,86.8224125674697
2.51473963139687,7.78686996714828,2.99438787420405,7.83587049683742e-05,0.199614629986529,0,0.00121724344516842,3.67978584960161,0.0598394316074848,64.9771895871567,0.641857587559773,0.762881643927152,0.201047183916154,0.00324902613713028,0.0667494442276051,3.37162140780706e-05,0.0284940453982173,13.4392295476639,18.4156513647941,0.5,115.77291613309
2.79196201515178,8.44299670063754,2.81002407057008,1.37581181675397e-05,0.362145531127296,0,0.00076730596173632,3.00480055758556,0.045208128580314,46.6395099684035,0.463741379205504,0.798524691405438,0.323501354648677,0.00278955840807043,0.165165758441032,3.16163894478877e-05,0.0227430473307822,8.6385438775122,19.2388756119457,1,93.7513449314228
3.10518582605125,9.40126165442412,2.42489043071933,0,0.625434474539173,0,0.000599226359561813,2.2624732916925,0.0562602965013753,56.4046217130504,0.559748668214599,0.899615651503828,0.503949976494204,0.00347040120169492,0,8.31585337548896e-06,0.0346182835197051,6.87550517928765,21.3590382651381,1.5,104.516681654551
2.92979361330408,9.19069408568725,1.94783054978584,0,0,0,0.000223648578499443,2.05566269052081,0.0570540689823491,53.7131045473107,0.508129122386282,0.85039637929592,0.535663111283418,0.00354429760435723,0,0,0.03161253544324,8.22108043556529,20.3551933293737,2,100.399982415122
2.96967773106428,9.43996844774011,1.76694860642546,0,0.122833614553226,0,0.000135260842208725,1.81320845994658,0.0538180504361656,49.5859527722466,0.550118193543371,0.864080847967577,0.368717450597111,0.00274149822137107,0,0,0.0365013341249787,7.44265463404914,20.7203254366751,2.5,95.7376823384334
2.71663836698982,9.2356795314152,0.79677000370138,0,0,0,0,0.876075368579418,0.0489716572150375,44.6873645613495,0.410774944708913,0.849866474460959,0.64583061675498,0.00258085074893097,0,0,0.0229453637927371,4.70637020944678,20.265425217048,3,85.2652931662116
2.00557171555764,6.98829831669339,0.611582078662739,0,0,0,0,0.942763284848101,0.0338603317136184,29.8890891706382,0.338099770503644,0.624305996189714,0,0.00119716665036857,0,0,0.0185884398584081,0,15.6054577403097,3.5,57.0588140116255
2.57320580845095,8.59255893535714,0.991647155337943,0,0,0,4.16097870347552e-05,1.59050731003133,0.039193367321936,34.347789184729,0.386729443755848,0.791040947873687,0,0.0012345732544275,0,0,0.0217820707043087,7.80740789502536,18.8200715366819,4,75.9632098383108
1.86019861292367,6.26887640137303,0.949975203221449,1.4467879816519e-05,0,0,0,2.00160677155929,0.0312110902378044,24.2961066922681,0.30869090674338,0.567990313697413,0.10261810103004,0.000599185747733346,0.321850876255082,0,0.0231484582630801,5.04605612865156,13.9329938824523,4.5,55.7119370923037
1.3512368062977,4.71895190456152,0.746769383183494,0,0,0,0,1.4797947105017,0.0219826208797276,18.1842435378203,0.234176547861014,0.424062821927629,0.351473133744558,0.00147717368544497,0,0,0.0248191655426211,2.25977605172837,10.2864050758222,5,40.0851689335563
1.24860787945202,4.46470427365493,0.567520889633363,0,0,0,0,0.752916544488512,0.0200223702043819,18.4668867832581,0.19637392931991,0.385410848280741,0,0.00129718773521766,0.0622013243349871,0,0.0175677153073037,1.83363030893573,9.61214525143397,5.5,37.6292853060391
1.14911265533221,4.46980337297169,0.6351221998578,0,0.109677795540827,0,2.04108823145278e-05,1.07948557021623,0.0218262756972002,16.9514763686159,0.213360342546326,0.366936881868141,0.141275482660396,0.000541519609586793,0.383398143681966,0,0.015484555939577,7.68664622118035,9.02024323675927,6,42.2444110333598
0.722216212401495,3.00513401056899,0.600593881649452,0,0.122759166553059,0,4.18441768328343e-05,1.20224112019631,0.0156131870060321,14.0713710728696,0.152147269796766,0.245081485034153,0.141542803282877,0.000740445041927232,0,0,0.00519903736828452,0,6.05799179821682,6.5,26.3426733341625
0.449747704239862,2.23449443525443,0.163584817632371,0,0,0,0,1.06988635336285,0.0152416312495985,13.1360739016123,0.149891557309792,0.176252561373686,0.00957050252117431,0,1.21401512177284,0,0,0,4.36888751731311,7,22.987646103642
0.329950872108684,1.70617194528561,0.31631827257248,2.5047161304044e-06,0.393882110883758,0,5.06765979890517e-05,1.01693434784435,0.0144878419186458,11.6921314248668,0.162002324638325,0.120379264448238,0,0.000414902881869493,0.0213016611366809,0,0.0150075116718442,2.24112056130659,3.15954642526505,7.5,21.189702648143
0.269901968882324,1.22520231824033,0.195143407207369,1.32489010242305e-05,0.207102044479945,0,0.000252362380195855,1.73611480228449,0.0132609878885333,10.1216178541183,0.121700587307241,0.0802440436077878,0,0.000125233878490656,0.49475798515,4.82269992891792e-06,0.032090865250279,1.11616093111423,2.30947413971844,8,17.923167603109
0.195437085354749,0.959437841549046,0,1.74649253658025e-05,0,0,6.27530210122354e-05,0.819257160496179,0.012726252112231,10.2504837622956,0.0653602672858588,0.0470071548625067,0.0706448938512071,0,0.176015979331743,0,0.0138447175440718,0,1.45878402457991,8.5,14.0690793572095
0.162087438867322,0.559024119255688,0,5.71219952008164e-05,0,2.2086505049443e-06,0.000328756232184274,0.275781637632408,0.00982408986801523,9.39542427577639,0.119948953811007,0.0227961892447185,0.15438020490118,0,0.55500543134787,0,0.00486572719351328,0,0.870972766381548,9,12.1304989211575
0.139790252796066,0.310169947444049,0,5.43534241990728e-05,0,3.89307968489521e-06,0.000630282534377826,0.731098527032749,0.00681450361740675,4.91607476934737,0.0547438556586278,0.0218205105274294,0.291399433133349,0.000264133729270674,0.926695511981312,0,0.00866265940753816,0,0.580908921591675,9.5,7.9891315553051
0.165825217707582,0.465829448893593,0.0889159744025508,0.000100303550251751,0,4.77233105454689e-05,0.00127998388170279,1.6809555050843,0.010389561164427,5.87994931838958,0.0765744980043118,0.0345150397541322,0.744175856056655,0,0.0945998141654769,0,0.0137882547722866,0,0.805268045263894,10,10.0622145444013
0.134103352295658,0.39027515952369,0.0454352955066363,4.30054431265525e-05,0,4.57823828940149e-05,0.000639253642610059,1.39331235127666,0.00820797209368502,5.6852003373419,0.0739323450700913,0.0308804732968602,0.665601488576982,0,0.104009123845775,0,0.00325132225045215,0,0.740426636940764,10.5,9.27536389948778
0.150617913485177,0.338973442078123,0.168595070539627,6.16953277296549e-05,0,1.14208414689417e-05,0.000759576579534176,0.855333107134187,0.00722967113732533,5.84729814511166,0.0333361859112037,0.0283077175872294,0.467832787479142,0,0.608887919420123,6.10555573653566e-06,0,0,0.740079144200856,11,9.24732990238912
0.0857468461637553,0.204915191707582,0.0421023116519228,1.88101010536374e-05,0,1.54419461266127e-06,0.000286816689543845,0.35513460126105,0.00446225565908081,4.00076989708289,0.0433552661501019,0.0174287875703579,0.309827612499558,0,0.248039770687069,0,0.00821763569565426,1.87583735260876,0.458695623269102,11.5,7.65484032299209
0.0828304521572437,0.303950274543319,0.130474554034532,1.95860788014394e-05,0,2.5733614286218e-05,0.000768806635054697,1.43654891060736,0.00980349550496407,7.32937719306036,0.078264306897444,0.010043614801427,0.676840993720412,0,0,0,0.00159323948111361,0,0.464116547730207,12,10.5246577088665
0.13852350180705,0.449859391901417,0.832602834636182,1.65779879150828e-05,0,0.000123981761876898,0.00224465716095175,2.85741530592902,0.0182536637818616,12.4374440462203,0.146847375461853,0.037938144746731,1.53636610709343,0,0.219267525286888,4.5771615398983e-05,0.0225889557333333,0,1.03889342396492,12.5,19.7384312650891
0.0849846381412782,0.385051610719397,0.325252444904917,1.66893637235296e-05,0,4.44645888561965e-05,0.000993761643893675,1.46189300115789,0.0100340919917419,7.40301696885889,0.0582862440337713,0.0289955367643688,0.627533376379179,0,0.564981857056544,9.8253983035498e-06,0.009866135712194,0,0.623934240014975,13,11.5848948867299
0.070177023390572,0.213329800000325,0.651039827784007,0,0.0384259829951803,5.7450990018143e-05,0.00110465124038591,2.20842177277384,0.0181889544833825,11.6018380936483,0.0932914413642888,0.0166017704630911,0.948710448835205,0,0.352065405971366,3.38544719063686e-05,0.0201943144768491,1.43594281475468,0.424995289781053,13.5,18.0944188974244
0.0280149304886854,0.178979445404983,0.677250079792708,0,0.557498204105408,0,0.000598087030432445,1.46569288574623,0.0115947416287259,7.36186804464955,0.092065550080349,0.0092222639671248,0.200554624845436,0.000118864503855482,0.700380536593228,3.31093202096633e-05,0.0166391622104004,0,0.175442480532797,14,11.4759530109001
0.030598372485413,0.257876148219743,1.06935531763758,0,0.539233961962739,2.97654868765017e-05,0.00141076895742687,2.7670496412816,0.0172668704332467,11.3581608474208,0.128922532247616,0.0114195671729393,0.783006646872696,0.000627626945788013,0,6.69241715306399e-05,0.0375453317368718,0.128324760917516,0.242592973361992,14.5,17.3734880573124
0.0510956444481751,0.205833403873274,0.241133654507499,0,0,2.06058558925148e-07,0.00027128895578195,0.942334297246791,0.0121359409839912,7.10585838258371,0.117777821723335,0.0169358691567693,0.285324700034392,0,0.992838912139746,0,0.00355963691316967,2.04157369925231,0.434716357522494,15,12.4513898154
0.0511876658279581,0.0517730900163259,0.155404697530306,0,0,1.93805296418333e-05,0.000427944720004538,1.06010967600816,0.0059819499412149,5.80489192144882,0.0528327498270367,0.0132569707661376,0.627795761374143,0,0.804313916620189,1.54054153595544e-05,0.00331183995601961,7.28789752580665,0.347878119483616,15.5,16.2670986152716
0.0487867063731806,0.147732371518992,0,0,0,2.59606912205431e-05,0.000442080333833236,1.32828842322789,0.00186098126096304,3.53044710925718,0.0319618351639223,0.00642493564632782,0.669549561181325,0.000417324598663786,0.214425602141284,0,0.0132353866537911,0.0892730917639089,0.298325533500436,16,6.38119690331291
0.0705898748855639,0.199795121445465,0.325389036910945,1.72591164306733e-06,0,9.49310292066578e-05,0.00149810055508269,3.03903257840609,0.0109615858598779,6.02700942465489,0.015858417531949,0.0186109006956174,1.56672414827469,0.00084735431403313,1.00313121779932,3.97187430597378e-05,0.0100055709617157,0,0.339706729660354,16.5,12.6292964376395
0.0684720674930007,0.196234554594524,0.0794363060853806,1.10380041946771e-05,0,4.07081391926816e-05,0.000777224246053521,1.55574535164885,0.00703785024361738,5.52270426520065,0.0988257986127799,0.0131735053909909,1.11307397959316,0,0.0828040665840478,1.37294183056364e-05,0.0132608602150615,0,0.451268677950577,17,9.20287998342038
0.0916258484704067,0.270002444961425,0.00604653987258264,2.34042854820776e-05,0.133769507952436,4.91123038555521e-05,0.00102943376899195,1.52029815171601,0.009359476396155,5.06137225341914,0.0459098203349024,0.0215036305805821,0.960786532495685,0.000257174490040091,0.954201244081591,1.47135543368822e-06,0.0129417022854042,0,0.640062556372486,17.5,9.72924030514261
0.0798588226680508,0.217378325500687,0.0756118882683346,2.59838519312306e-05,0,4.90914377904181e-05,0.000920194975817548,1.85748836937477,0.00674403537258164,5.74305016340175,0.0797664408088884,0.0156614199591962,1.27264910835975,0.000209489335625303,0.215834993966932,1.05414650301409e-05,0,0,0.477457675674091,18,10.0427165444212
0.0525817626229512,0.11627737638102,0,1.5039093784821e-05,0,2.81209490349929e-05,0.000726734377774629,1.37506205339233,0.00463412946997652,4.66837359693774,0.0303290499546919,0.00600795030778829,0.682485137294154,0,0,1.71293285148308e-05,0,0,0.281283274377841,18.5,7.21782135448761
0.0583538618025483,0.20333518206787,0.190369831237916,2.76015587436322e-05,0,5.21398660514677e-06,0.000713660542665912,2.04536209546906,0.00579057220527775,5.01413965794155,0.0568457845089331,0.0028528383986232,0.252978144192878,0,0,1.9820709632027e-05,0.00213753733756785,0,0.454151893455497,19,8.28708369541537
0.0367181575964768,0.0994201749798242,0.178774384005265,0,0.156176624259014,0,0.000339317529551316,0.998658999554574,0.00620529288424529,3.98374033067946,0.0286363218543282,0,0.5162102045889,0.000453114257673489,1.20856226371207,2.93751713593268e-05,0.0171846002545166,5.4667761717858,0.332893918472289,19.5,13.0307792515854
0.0497782091592386,0.145828196745263,0.47559391608175,2.3926674267753e-06,0.222011525609845,0,0.000357270416241475,2.15467131340747,0.00857661324745339,4.71235245746359,0.0864409838204657,0.00149636714644301,0.403037238243858,0.000547908928766955,0.282916450114022,4.80687237687187e-05,0.0126401886398321,0,0.388876600238157,20,8.94517570065359
0.0231103479839448,0.143260300953152,0.747424984451147,1.97826133542906e-05,0.657115553608623,0,0.000500021299808702,1.95422259637395,0.00855230695059204,5.71325632740922,0.0881635083641787,0.00998124958834195,0.203719065695851,0.0010394016548733,0,5.86618542846588e-05,0.020430635167505,0,0.555410270923158,20.5,10.126265014892
0.116383315688567,0.323571791247317,1.15569711649205,6.01284388165762e-05,0.419895057080292,0,0.000450625877263633,2.39749107908125,0.0110547645631328,6.17669179911741,0.0602032588815783,0.0274751091192274,0,0.00133651339366616,0.486765708848807,6.36234947366045e-05,0.00550246355353372,0,0.744507172410479,21,11.9271495272881
0.264573309659166,0.856141813310514,2.16632593053654,0.000189554833129254,0.190240361913511,0,0.000533225464067556,2.90898484071659,0.0145354610441378,7.24025476113047,0.0904493032065646,0.0618775382377997,0.471226533238202,0.00291939571954435,0.702158370351915,3.92913766216361e-05,0.00316186602667104,0,1.59322300039264,21.5,16.5668345571581
1.14181566075423,2.62745068624529,2.73356715993972,0.000462413834117155,0,0,0.000843329518866724,3.55785157780365,0.0140476266064953,7.49745150059618,0.0997794149875861,0.268179112399286,0.614000873885446,0.00301657443357115,0,6.63312355422127e-05,0,0,6.37576570150092,22,24.9342979637409
1.19043402372019,2.54923516247047,2.56180097785517,0.000881442010099738,0.401524550391889,0,0.000776258375398506,4.07044804038365,0.0108205270824534,5.26301540648325,0.153216998515468,0.253519709092136,1.71607928939712,0.0037131813281982,0,7.2247049106628e-05,0.00877386661356944,0,5.3827314598655,22.5,23.5670431406337
0.971032492314318,2.40973731429021,2.64311033467199,0.000503532402212441,0,0,0.000728873486517156,4.23296328224578,0.0108577402023716,5.04041434745051,0.107775293840089,0.229935475407431,2.34987090178136,0.00372318772719254,0,6.76455330163902e-05,0,0,5.38354282612164,23,23.3842632474746
1.09148861773616,2.86613649112916,2.74517078917023,0.000380541917312674,0,0,0.00059028465871496,3.80279268512929,0.0125743493402946,6.09944094443514,0.12610153405732,0.278080762500661,2.00933479785232,0.00357258113199022,0,6.64375381213348e-05,0,0,6.87275746590876,23.5,25.9084882825055
0.871172041716483,2.72106700447843,2.52816728808679,0.000130262431850822,0,0,0.00033995933792279,3.67473904780928,0.00931491025567166,4.30236030158488,0.112202589564943,0.231309973218673,1.83677997756845,0.002509688574999,0,4.41866679831779e-05,0,0,6.29453924131948,24,22.5846764726158
1.02839411293905,3.20792058964017,1.81272983789164,3.96374495836214e-05,0,0,0.000358532888749589,2.89309555657092,0.00856040849242613,3.41552234341413,0.044851410929866,0.30005837880486,0.595625413643353,0.00122141468184003,0,5.20628964900883e-05,0.00300243892688575,0,7.34562541544901,24.5,20.657057554619
1.34126755854372,4.53002624603221,2.13367834127799,0.000107928591189227,0.0364668036503075,0,0.000703649808410346,3.31132863375792,0.0108435815932495,5.09973328177456,0.144274888932527,0.399101711606296,0.986454289270362,0.00203809775820476,0,6.77336617112103e-05,0.00896487564319238,2.7808853421792,9.9881697146849,25,30.7741126787659
1.56344144328176,5.47125044485557,1.57100161566654,0,0,0,0.000566136481557796,3.13044269197763,0.0138975570988363,5.50930685447908,0.103357447233532,0.471394879645556,0.709361848609176,0.00179934459623776,0,2.92176252649874e-05,0.0119510545547178,0,11.6616259209201,25.5,30.2194264570256
1.76306597299106,6.69966781658448,1.38411862725829,0,0,0,0.000447211909272732,3.62938654149713,0.0156899962944372,5.92140820616027,0.107135555834322,0.553875780463879,0.78074544137889,0.00216003357231056,0,1.09982243565828e-05,0.0204712643801691,0,14.2393054907974,26,35.1174889373462
1.35626058088858,5.33207349920978,1.08622417149538,0,0,0,0.00016216645665966,2.45525091054458,0.0133590212400067,4.5980380928903,0.0318990251406093,0.430679685834152,0.200376812914449,0.00177270735795453,0,6.21757157524573e-06,0.0127496919063643,0,10.8661395138731,26.5,26.3849920973235
1.65499271560775,6.62355353506264,0.737852113979229,0,0,0,0.000130527336156278,2.60705282007338,0.0116250682848772,5.00221119709708,0.0977389582323395,0.537020197054987,0,0.00110416165231619,0,1.03899260016609e-05,0.0287003595446039,0,13.5221843281201,27,30.8241763719714
0.89431462613253,3.70456999693974,0.310709766771079,0,0,0,0,0.902374074240456,0.0074697853023142,3.32099610554396,0.00665944174727277,0.295632915970641,0.371801829774739,0.00143263506177643,0,0,0.0254623532530957,0,7.53020742747797,27.5,17.3716309582156
0.920524511806537,3.48135893397928,0.73771480092037,0,NA,NA,NA,NA,0.00884713868888592,3.34406166869751,NA,0.285529909154726,NA,0.00092816050243511,NA,0,NA,NA,7.19680078998753,28,15.9757659137373
0.843167904507995,3.28280582452778,0.68996040727627,0,NA,NA,NA,NA,0.00486936230690346,2.73077521945523,NA,0.261033203555179,NA,0,NA,2.85886848217409e-05,NA,NA,6.91417546270574,28.5,14.7268159730199
1.16214575969384,4.56146402149565,0.684161058160865,0,NA,NA,NA,NA,0.00826771562951647,3.12784471864143,NA,0.377800140571078,NA,0,NA,5.11499483303264e-06,NA,NA,9.84766164169066,29,19.7693501708779
0.910640627931254,3.86831152634086,0.507397560138402,0,NA,NA,NA,NA,0.0088160181990633,3.42166292090595,NA,0.325887418913114,NA,0.0002490336281966,NA,0,NA,NA,8.28636434400674,29.5,17.3293294500636
0.784570332983828,3.40423693319726,0.487518763300856,0,NA,NA,NA,NA,0.00668344232205993,3.85090764012436,NA,0.28698982144956,NA,0.000538112954077074,NA,2.47739032693435e-05,NA,NA,7.20898687853377,30,16.030456698769
0.517639048429613,2.49763098743636,0.370540171315229,0,NA,NA,NA,NA,0.00584623217750756,3.12083890634384,NA,0.194575521823248,NA,0,NA,1.44304507108454e-05,NA,NA,5.04085943090037,30.5,11.7479447288769
0.250114586217235,1.33870731025357,0.278772171499949,0,NA,NA,NA,NA,0.00412865773684977,3.45214256174283,NA,0.106982138984335,NA,0,NA,4.05414839031456e-05,NA,NA,2.70321276287389,31,8.13410073079255
0.104406212498218,0.846783156752799,0.208978341421609,0,NA,NA,NA,NA,0.00353580289290993,3.01237165058651,NA,0.0755702857246934,NA,0,NA,8.56575390853247e-05,NA,NA,1.67142426462811,31.5,5.92315537204393
0.174721298608226,0.923063351761104,0.610180330599409,3.33363095648684e-07,NA,NA,NA,NA,0.00645683227434925,3.86971200190155,NA,0.0801957150809205,NA,0,NA,0.000127732972575877,NA,NA,1.68744001383958,32,7.35189761040081
0.108285509112954,0.785005707716658,0,2.17727930753778e-05,NA,NA,NA,NA,0.00564290165504987,2.98188274410408,NA,0.0398280430411979,NA,0,NA,0,NA,NA,1.00991276054227,32.5,4.93057943896529
0,0.542487523353487,0,9.43456503090346e-06,NA,NA,NA,NA,0.00320819824776121,1.51564532534323,NA,0.000601645606131025,NA,0,NA,0,NA,NA,0.328038789930132,33,2.38999091704577
0.0523053909062571,0.57606494129145,0,2.91656369816274e-05,NA,NA,NA,NA,0.007637244930017,2.28055227546549,NA,0.0104451276070511,NA,0.000210547197284949,NA,0,NA,NA,0.636266597695109,33.5,3.56351129072964
0.15343901588793,1.05843013929654,0.476735823293004,2.44121285845369e-05,NA,NA,NA,NA,0.0112660879581319,2.51455582571242,NA,0.0660151700946906,NA,0.0010747244543688,NA,0,NA,NA,1.75180928995854,34,6.03335048878421
0.101188404325237,0.598077543410306,0,5.10508804927068e-05,NA,NA,NA,NA,0.00748449091012912,2.70635105698219,NA,0.0391723664826973,NA,0.000351001472765672,NA,0,NA,NA,0.835913561820301,34.5,4.28858947628412
0.105428050106068,0.657392091514796,0,5.71065139009963e-05,NA,NA,NA,NA,0.00757141712088546,2.0610990922326,NA,0.0370377802240315,NA,0.000143300897147872,NA,0,NA,NA,0.655692664604927,35,3.52442150321436
0.0920472446966783,0.600557169356576,0,5.19111660521257e-05,NA,NA,NA,NA,0.00504141956493616,1.98140985678016,NA,0.0291117388416808,NA,0.000838114855761374,NA,0,NA,NA,0.659381475191513,35.5,3.36843893045336
0.0671692601153645,0.390584438149065,0,5.80064709253273e-05,NA,NA,NA,NA,0.00477983830888501,1.9142105757671,NA,0.0235175180583246,NA,0.000272019914616643,NA,0,NA,NA,0.535769608232009,36,2.93636126501629
0.0953324614361884,0.537135552211942,0,7.25627814405841e-05,NA,NA,NA,NA,0.00519729908824708,2.29229841012723,NA,0.0283401102609199,NA,0.000152400915734004,NA,0,NA,NA,0.785182739540885,36.5,3.74371153636258
0.105303458017927,0.601811537068871,0,6.97067525453079e-05,NA,NA,NA,NA,0.00514497598446453,2.05783567304082,NA,0.0340122182103319,NA,0.000762402691246043,NA,0,NA,NA,0.90560826527835,37,3.71054823704456
0.0900855888302781,0.499780906380763,0,8.76677315046715e-05,NA,NA,NA,NA,0.00517849224375557,1.95786845351454,NA,0.0304278632825307,NA,5.17373695682442e-05,NA,0,NA,NA,0.806373203093538,37.5,3.38985391244648
0.0665240793096008,0.49400788623006,0,4.75752583860127e-05,NA,NA,NA,NA,0.0077752645575721,2.45083491781717,NA,0.0211385849670969,NA,0.000556519411677037,NA,0,NA,NA,0.356149980262197,38,3.39703480781376
0.0319518619544197,0.379255528397648,0,4.61605559937098e-05,NA,NA,NA,NA,0.00712873964916893,1.82506691996536,NA,0.0167270595734279,NA,0.000563724937973648,NA,0,NA,NA,0.512516185545878,38.5,2.77325618057987
0.0352195335339633,0.376398581139062,0,3.22805468075491e-05,NA,NA,NA,NA,0.00699087084629724,2.40065090311478,NA,0.0183390871464233,NA,0.000685922747813365,NA,0,NA,NA,0.430413613334365,39,3.26873079240951
0.0353484800967115,0.391025399315773,0.232180137483931,3.7706555418786e-05,NA,NA,NA,NA,0.00836347806823663,1.80594337423473,NA,0.0200299727896813,NA,0.00117754612004423,NA,0,NA,NA,0.557254075823327,39.5,3.05136017048785
0.062177018999779,0.359751945563915,0.789883057604277,3.72240157732718e-05,NA,NA,NA,NA,0.00678298249661715,2.40351511892581,NA,0.0214341123214236,NA,0.0013792688477869,NA,0,NA,NA,0.584187088346756,40,4.22914781712213
0.0520931045760038,0.491555210266167,0,5.59852227966336e-05,NA,NA,NA,NA,0.0043628007238378,1.67796321199316,NA,0.0195668186907755,NA,0.00121908134968975,NA,0,NA,NA,0.532488353570338,40.5,2.77930456639277
0.0911159486912807,0.430048698322319,0,7.42297923495231e-05,NA,NA,NA,NA,0.00610522483877167,1.0543402054292,NA,0.0354324092370219,NA,0.00137567288748715,NA,0,NA,NA,0.64128936841151,41,2.25978175760994
0.0911995005777079,0.434288451200862,0,7.30133258925049e-05,NA,NA,NA,NA,0.0055396453373336,2.56702142926599,NA,0.0348383240882535,NA,0.000582510596380338,NA,0,NA,NA,0.63800544480545,41.5,3.77154831919787
0.0895223223450097,0.444097050655779,0,9.06598876630059e-05,NA,NA,NA,NA,0.00372484159273485,1.96878540906326,NA,0.044238912880439,NA,0.00112917637754214,NA,0,NA,NA,0.775362818205327,42,3.32695119100776
0.0956319093554622,0.421932329235032,0,9.22779005454833e-05,NA,NA,NA,NA,0.00531972372828731,1.84566252674833,NA,0.0308421970294222,NA,0.000740627005029224,NA,0,NA,NA,0.794322148093729,42.5,3.19454373909584
0.0974554981344065,0.452280233565428,0,0.000101391024598664,NA,NA,NA,NA,0.0049934305119629,2.32631224422251,NA,0.0386114774745927,NA,0.000565349613872772,NA,0,NA,NA,0.683201224959496,43,3.60352084950686
0.0820862544643639,0.507055212183723,0,0.000111227879609638,NA,NA,NA,NA,0.00306174673734061,2.02557240109249,NA,0.021718438878011,NA,0.000554417975088091,NA,0,NA,NA,0.745558811698267,43.5,3.38571851090889
0.0819603492216921,0.456682388204362,0,7.09849985344751e-05,NA,NA,NA,NA,0.0043241300549782,1.93286069113231,NA,0.0137756736446246,NA,0.00145793201166879,NA,0,NA,NA,0.474984368727984,44,2.96611651799615
0.0881779035856469,0.566009530493986,0.384465679413503,6.33724162434467e-05,NA,NA,NA,NA,0.00748467147881433,2.12479403595625,NA,0.0300643086715377,NA,0.00177784177983511,NA,0,NA,NA,0.796562495345521,44.5,3.99939983914134
0.0388787434665488,0.36867369285441,0.308790679136388,7.72428554855786e-05,NA,NA,NA,NA,0.00602380108264133,2.12160484374914,NA,0.0307683755754275,NA,0.00175434227125314,NA,0,NA,NA,0.732800740677273,45,3.60937246166857
0.0774052025068291,0.441292200787686,0.437912296848981,7.96034889466633e-05,NA,NA,NA,NA,0.00575698574890443,1.97405818361557,NA,0.0352353428553574,NA,0.00191136118360438,NA,0,NA,NA,0.81648473763788,45.5,3.79013591467376
0.0943805225100351,0.542636151290611,0.558645193286166,8.93501946041614e-05,NA,NA,NA,NA,0.00693111613712068,1.48837035339613,NA,0.0348476729954289,NA,0.00120770891775116,NA,0,NA,NA,0.847170698966959,46,3.57427876769481
0.110409309773029,0.403388005758052,0.472112736720669,6.96314884159518e-05,NA,NA,NA,NA,0.00385751853521366,1.13971458757101,NA,0.0335305806630835,NA,0.000942902776668866,NA,6.90678024445348e-06,NA,NA,0.725477344671662,46.5,2.88950952473805
0.177409664037199,0.573459623818106,0.426554184634526,6.93783551769491e-05,NA,NA,NA,NA,0.000787274020127406,0.839444803423786,NA,0.0413777767791952,NA,0.00066520303731798,NA,2.03924129121209e-05,NA,NA,1.05068882727499,47,3.11047712779333
0.275353683681107,0.523267433350248,0.341016390620907,8.10392233295241e-05,NA,NA,NA,NA,0.00290206007465287,0.726351976758729,NA,0.0605968133304944,NA,0.000742995010003866,NA,2.71790314811555e-05,NA,NA,1.2609071733653,47.5,3.19124674444625
0.440035143792355,0.885422937424282,0.54361370909245,0.000223627345343183,NA,NA,NA,NA,0.00323848763879478,1.08593933762626,NA,0.0866185009838065,NA,0.000711561082457742,NA,5.16863495145305e-05,NA,NA,2.11745971557073,48,5.163314706906
0.423355289104494,0.967487611206525,0.777278546280894,0.000301537955024169,NA,NA,NA,NA,0.00190966987057379,0.52508139541527,NA,0.0821938518134311,NA,0.000550932417012594,NA,6.02343285831998e-05,NA,NA,2.23113526132036,48.5,5.00935432971217
0.612027856485359,1.99336025303725,0.165829667214233,0.000291288433484531,NA,NA,NA,NA,0.00249686567830064,0.443517411013457,NA,0.176262742136846,NA,0,NA,5.74163495824946e-05,NA,NA,4.54576493622146,49,7.93960843656998
0.634296677123067,2.18765009949048,0.58640470721554,0.000150849195048625,NA,NA,NA,NA,0.00330528452669457,1.31886216741325,NA,0.193201035251738,NA,0,NA,4.56122835640073e-05,NA,NA,4.93031806498199,49.5,9.85423449748137
0.772026362979684,2.90804152907845,0.482052067011365,5.80433923494014e-05,NA,NA,NA,NA,0.00332123328521937,0.87887034018778,NA,0.24651210125919,NA,0.000439053503135499,NA,4.60050995413172e-05,NA,NA,6.16874217494749,50,11.4601089107442
0.470790927069851,1.98354627101175,0.248613035729273,1.51768714588951e-05,NA,NA,NA,NA,0.00366509229999983,0.490644294412889,NA,0.157558501382819,NA,0.00164965893010986,NA,1.08199225842499e-05,NA,NA,3.94834687356811,50.5,7.30484065119884
0.364946885941874,1.77843886260616,0,0,NA,NA,NA,NA,0.00180633927023077,0.795790398879253,NA,0.138941846871794,NA,0.00113930370109854,NA,1.08257411051399e-05,NA,NA,3.53277144038508,51,6.61384590339659
0.135773476764392,0.971981504299317,0,0,NA,NA,NA,NA,0.00122682013866405,1.19975117386056,NA,0.0761445937552281,NA,0.00109359768916027,NA,0,NA,NA,2.2145921389627,51.5,4.60056330547002
0.112020464641525,0.886674012593955,0,0,NA,NA,NA,NA,0.00184753480557387,0.888308175144685,NA,0.0658522581276835,NA,0.000718629728556302,NA,0,NA,NA,1.79709728118634,52,3.75251835622832
0.302002256610909,1.29566828900506,0.0586754568825325,0,0,1.08621787267912e-05,0.000179563597231351,2.08841677057399,0.00295782484728859,0.181654949509303,0.0636543056129527,0.10575421532169,0.0459031518544821,0.000203624748817278,0,5.15915460964511e-06,0.00929780341287135,0,3.14565264559525,52.5,7.30003687890571
0.346652379318954,1.60886832186389,0.155758779766491,0,0,2.00640825796005e-05,0.000549971754335252,4.00818326127531,0.00124805921301327,0.268986374014062,0.0566729358953629,0.127459153891998,0.137284525971675,0,0.811015123779894,1.74496809924841e-05,0.0141980999581646,14.2080479559723,3.48021578944785,53,25.2251782458869
0.179961006482823,1.0762276939849,0.000300632629953279,0,0,1.50006853530694e-05,0.000499293467971216,3.53063291269795,0.00123516158243146,0,0.0408256969742961,0.0844757244952081,0.441412352681608,0,1.52508641609618,1.62035141851636e-05,0.00999061396899611,8.21185817625253,2.36559441416168,53.5,17.4681312996761
0.081435361662154,0.903014914806065,0.161625756124981,0,0,1.48005939344539e-05,0.000749879804691296,5.35549344393804,0,0.760491332633451,0.0108535959629882,0.0689911023219163,0.297640125414191,0.000416887809386636,0.16202810314098,3.22919638867006e-05,0.0147789516962771,8.95040116803139,1.92192335073562,54,18.68989106664
0,0.302157895305572,0.0258728302174309,0,0.0551440157259441,0,0.000373882309578782,2.27069287487164,0,1.22924009205232,0,0.0431974510868426,0,0.000950193679089008,0.60563851831541,6.82541048193537e-06,0.0276193507418701,2.12884793739581,0.794506916392347,54.5,7.48424878350434
0,0.399843875270303,0,0,0.339505053871507,0,0.000189065300118482,0.699531250788598,0.00112211763105808,0.540246983192357,0.000609689699427353,0.0468806563223263,0,0,1.22708176094598,0,0.030700292240622,4.64197954046755,0.78651804369189,55,8.71420832942174
0,0.0895813461748677,0,0,0.839753798477036,0,0,1.66769725237718,0,0.276093395670726,0.0172369412934788,0.00642658157171357,0,0,0.274407466139789,0,0.0164197211650504,12.5940147264096,0,55.5,15.7816312292795
0,0.0389909904080557,0,0,0,0,0,0.254402648779953,0,0.0707822348725753,0.00914374618645383,0.00353124551751987,0,0,1.37871651331537,0,0.0223907744228133,5.10115079456608,0,56,6.87910894806882
0,0.00593877314218207,0,0,0,0,0,1.98817721083275,0.00139720631615454,0.338918533989335,0,0,0,0,0.21245720703088,0,0.0259005618926044,13.56362959895,0,56.5,16.1364190921539
0,0.0658965563978214,0,0,0.429129800942278,0,0,1.46745073838952,0.000861056229589859,0.689286011867606,0.0390036655188338,0,0,0,1.23229220785345,0,0.0319823540772807,0,0.0897803004254369,57,4.04568269170182
0,0,0,0,0,0,0.000117959519199018,1.12050387328052,0,0.36642246580776,0,0,0,0,0.551457303772335,0,0.00524082133805607,0.84058705883768,0,57.5,2.88432948255555
0,0.0466878052454403,0,0,0,1.68301620284894e-06,8.17172800632535e-05,1.02043870490414,0,0.245249792583603,0.0251548087140341,0,0,0,0.85814015232017,0,0,3.52198530218006,0,58,5.7177399662437
0.00858625451587216,0.174284267647578,0,6.21099549668975e-06,0.21305279112955,8.44012916262795e-06,0.000158844911988599,1.66693853153203,0.00125597121034474,0.148151642301733,0.0148107466034628,0,0,0,0.504974665687521,0,0.00386237216389311,8.42974310726679,0.186969209709778,58.5,11.3528030558052
0.0352444151031679,0.027477004787702,0,3.94393362454665e-05,0.09215183647393,3.94442642828432e-05,0.000298123006709931,1.85208491308607,0.00126314035045754,0.266817070305829,0,0.00571641833029729,0.534677615468178,0,0,0,0,0.294571966470009,0.0993339790410283,59,3.20971536602391
0.0529736518899898,0.123980267271052,0,3.35166712009889e-05,0,5.30053183376922e-05,0.000391323651351261,2.51893841911827,0.000822671332185623,0.697572587536734,0.0282555015069038,0.0142179559681726,0.585145394998477,0,0.646911654570737,0,2.6356983881569e-06,0,0.222980480209121,59.5,4.89227906574092
0.033221438512753,0,0,4.74703398831371e-05,0,4.10377433923943e-05,0.000627777545649709,2.41820308490348,0,0.0639023290088183,0,0.00801073843505652,0.634915010874005,0,1.20366209103131,0,0,0,0.178140281988243,60,4.54077126038259
0.0526529848639014,0.0471649807878283,0,2.21267922272086e-05,0,5.11640415783709e-05,0.000359936610556837,1.76725892133934,0,0.117679083631049,0.0125367707949522,0.00936062980951982,0.474187614852932,0,0.52046197238922,0,0,8.42181621353945,0.0851940620623945,60.5,11.5087464615149
0.0524675794292139,0.1144104759685,0,4.05700704692409e-05,0,7.68189921155258e-05,0.000388282780768745,2.28020661532736,0,0.213328817792438,0.0437890483273866,0.00239545491678493,0.532046858744182,0,0,0,0.00119668248653051,14.40871359655,0.145154625203442,61,17.7942154265892
0.063828853683769,0.0513153439488117,0,4.69362764687173e-05,0,9.15527017337683e-05,0.000614054250484508,1.83074942734839,7.78346672141429e-05,0.506925900347247,0.00295274156200493,0.0113809604342281,0.962263904464628,0,0.534711989472561,8.70548976745001e-06,0.015746938625695,10.167072594621,0.229699945186528,61.5,14.3774876830805
0.0624883348794996,0.0382042356116289,0,5.79245597366159e-05,0,9.86101119147451e-05,0.000771680615093657,1.37285491327295,0,0,0,0.0131180705730145,1.03680331367063,0,0.553396603789348,9.00055639828686e-06,0,0,0.184033882946292,62,3.26183657058651
0.0317798684526855,0.11374462899044,0,2.21204988273566e-05,0,5.0379651030245e-05,0.000299333620248011,1.20196713345883,0,0.03169918759295,0.01796889820735,0.000126717251445599,0.292828700841641,0,0.0824984655926113,6.17262661872418e-06,0.00527417988321486,0,0.0715577507788358,62.5,1.84982353744673
0.0098812938845937,0,0,2.45262441670671e-05,0,2.05697108389962e-05,0,1.25482944251705,0.000639709848811256,0.445681838661579,0.00479848719490898,0.002619739350512,0.188822001881001,0,0.197587974135012,0,0.00370399543542359,0,0.0252387914523943,63,2.13384837031629
0.0228193549325203,0.0313311696645201,0,2.57304582790143e-05,0,3.49926801236756e-05,0.000128775635701457,1.07201946951045,0,0.507964365390676,0.0282358316582458,0.0032909606890664,0.223376195619551,0,0,1.07608251878472e-05,0.0149056787898388,4.40214141782728,0,63.5,6.30628470368144
0.0386932739348432,0,0,3.66264474079849e-05,0,5.78606191809967e-05,0.000344903473317785,1.15108657717944,0,0,0.0161185444330821,0.00493771497602433,0.411814594735418,0,0.249531968788679,1.32484292155501e-05,0.00691655319082657,0,0.10324971913094,64,1.98280158533837
0.0432008871648452,0.0514421002523103,0,9.57965794888663e-06,0,9.36434729590587e-05,0.000533425051285596,1.99413151080735,0,0.286124435583315,0.0277681456179,0,0.86949366338892,0,0.69563286586785,1.0886041256507e-05,0.00290045743653661,6.28817972001493,0.0889337258273212,64.5,10.3484550461847
0.0615912714915166,0,0,3.80731873895389e-05,0,0.000106896901588767,0.000656843591802384,1.82434390274211,0,0,0,0.0073827439441211,1.06620396728016,0,0,7.06462523462186e-06,0.00118671732863945,4.28021675651482,0.138399867136721,65,7.38013410474411
0.0750953428776924,0,0,4.5828862272377e-05,0,0.000112924659729343,0.000727108673016618,1.79905044347052,0,0,0,0.00649835675731794,1.37254411918119,0,0.796469700138105,3.40477804702046e-05,0,0,0.196327544513652,65.5,4.24690541691396
0.0785415901239703,0.0521379909332263,0,4.50688227553724e-05,0,0.000111265998786532,0.000709561188736752,0.967511683482579,0,0.71524881454324,0.00908220549252877,0.012125934745528,1.22841300867514,0,0.559387671620856,1.28348557094985e-05,0,0,0.169333599846576,66,3.79266123032963
0.0624429908525835,0.0595377235663089,0,5.74758446995991e-05,0,0.000119463034526221,0.000904737384909927,1.77014559574144,0,0.624063956259817,0.0238423857185148,0.00603310036517595,1.38916923724564,0,0.275942364501157,2.62074914105841e-05,0.00120482680654829,0,0.272931550570992,66.5,4.48642161538372
0.0751897030133753,0,0,6.24636683405914e-05,0,0.000111012639635619,0.000799034721261876,2.27874205940511,0,1.19690440325764,0,0.00931805486631283,1.07146952649411,0,0,2.36322040243383e-05,0,0,0.0332127617509271,67,4.66583265202074
0.0582861233277837,0.048292874859433,0,8.21321720308338e-05,0,8.67930976933526e-05,0.000592592494679237,1.64846484977123,0,0.622888769206063,0.00115964030143383,0.0116906590618636,1.08148398198481,0,0,1.94379679710142e-05,0,0,0.0787998227597861,67.5,3.55184767700478
0.102289984022325,0.143239301262426,0.315936043497678,9.05884791227923e-05,0,6.87186729133069e-05,0.000654611926647394,1.29570059280257,0,0.188798739600685,0,0.0126677968584908,0.699665068523583,0,0.397484480632584,3.38827654502982e-05,0.0043840433287218,1.64237843758311,0.356996239743443,68,5.16038852969975
0.079605364899157,0.0585784749890689,0.216067645214166,6.57764458272671e-05,0,3.51995601109416e-05,0.000444048870309998,1.12839153977151,0.000646468391704648,0.372962857602018,0.0275495470684241,0.00939452976593181,0.66086680421719,0.000825878319862837,0.459852290660048,3.60404907368511e-05,0.0158439745606306,5.52449719717626,0.173623744134448,68.5,8.72928738213742
0.0913488398570783,0.134705867992938,0.523407367561689,6.44013969028593e-05,0,2.68597575379716e-05,0.000302442385560271,1.8498967466714,0.00105432464408457,0.251885024312703,0.0201534266021012,0.0189686020717245,0.35446815426549,0.000242431699418492,0.501357153561946,3.71906726547309e-05,0.00891420893962561,0,0.274604624196701,69,4.03143766658956
0.0338369050500918,0,0.3269599878651,6.41949810213483e-05,0.545866251615925,2.08772902180132e-05,0.000204822831602708,2.20822759305694,0.00232077255230289,0.581724175986853,0,0.00998787871230397,0.337017270536727,0.000416941730754978,0,1.7461141519158e-05,0.00394018465825976,0.689904323979507,0.258816605410592,69.5,4.99932624739972
0.149187850164995,0.196063540002557,1.15038126681175,8.54787794405623e-05,0.435419273259234,2.43490760564294e-05,0.000533094557966527,2.07337743356566,0.000846565917588167,0.583852163287827,0.00828714713534299,0.0267078758527495,0.350174918846178,0.000831505166197844,0,1.91928875033597e-05,0.0117989925667255,0,0.400785451589137,70,5.38837609946691
0.432948275583092,0.588259495112627,1.78749413039795,0.000243138881103803,0.407057403523567,3.0634963158631e-05,0.000719764527030577,3.21120518494306,0.0046078652068782,0.199959339767885,0.0442772339121679,0.0692949056525789,0.814199843827226,0.00138706603481055,0,3.00861057299104e-05,0.0120563325106584,0.665141346175839,1.28119045484206,70.5,9.52010250196741
0.726884874690082,0.866683532294054,2.02072199410364,0.000975928293810865,0.78460777936135,4.38573630699452e-05,0.00105050394880911,4.47955738952499,0.00524040545131025,0.649896372409261,0.0349287075916701,0.0995164027766413,1.34881212690096,0.00228782937063708,0,6.42041517049814e-05,0.00315117445336936,0,2.16222174929101,71,13.1866448319764
0.64653317790292,1.18068577657447,2.136726796507,0.000769767997239929,0.962517209499888,4.50339221631166e-05,0.00106395687125476,4.83040816779207,0.00329719709855957,1.20795809213004,0.0604493580656288,0.116559371450646,2.1511248015738,0.00287773029280722,0,7.70428740900854e-05,0.00580117523763404,0,2.56694339014504,71.5,15.8738380459353
0.624486230860328,1.09422828560774,2.28587301361085,0.000583276701028593,0.0921763695093334,5.767339700698e-05,0.0010991696769805,4.55174577142336,0.00503193546866264,1.70977941371543,0.0593716393315239,0.110335182328913,2.99721948785239,0.00303675888187271,0,0.000106383459824406,0.00108704209580561,0,2.57753154611532,72,16.1137491800364
0.676057237395892,1.48981949294417,2.46980952163153,0.000525675215046055,0.843965840520689,7.67654521384075e-05,0.0011298467469674,5.41992442713735,0.00608111591703983,2.48347517369833,0.104895066787736,0.125980228375098,3.10587093824499,0.00310219699384514,0,0.000120229673525891,0.000563709157167132,0,3.11087424239204,72.5,19.8422717082836
0.590247148677313,1.35301307977349,2.28514223503619,0.000305917049492007,0.120108512145291,8.83748682796779e-05,0.0010502592256998,5.35238469288425,0.0047098311115633,1.42207943373443,0.0634763581507995,0.121995380328631,3.09639376771588,0.00301889409266939,0,9.74788300169923e-05,0,0,3.13442430583336,73,17.5485356694573
0.465432754016416,1.25928514566294,1.08024199976601,0.000187635036239192,0.430561070112193,9.52645154426082e-05,0.0008799492702833,3.50985557879056,0.00197180809258535,0.380351649915627,0.0375601676150108,0.097541256161207,1.58375493974054,0.00181282726581029,0,7.61181653511037e-05,0.00848009791380402,6.68460604680921,2.63311358781664,73.5,18.1758078966659
0.449925462056129,1.46064981463105,1.0208262447911,0.000218008600999123,0,7.40912207638351e-05,0.000841436073247682,4.05377711633214,0.00319514090953187,1.48986871802101,0.0904150683664914,0.100043565580674,1.68601936736099,0.00169990875842902,0,6.50158822162068e-05,0.00554373245055658,9.04441935312248,2.68293588996709,74,22.0905179341249
0.281480349651238,1.06786894872616,0.141486036119592,3.98553649551198e-05,0.642770111580557,5.85799199078723e-05,0.000587086080979852,2.2618173585008,0.00229729317583282,0.546421579971317,0.0599632084150848,0.0711531275455065,1.28808830998588,0.00156412102002287,0,4.62676792955672e-05,0.00522830412753436,0.652753515062617,1.73868615246407,74.5,8.76231020539136
0.177177763283213,0.91244735953161,0,0,0.116302377236869,4.5641832192155e-05,0.000472109497524959,1.52189985256929,0.00272297803241203,0.800451731332257,0.0716522679682503,0.0551781017036495,0.26280131048878,0.0019332498015975,0,4.41988817643552e-05,0.00903004220170149,3.16901879234229,1.453302247948,75,8.5544800246514
0.125667540401472,0.924839822831839,0,0,0.259580278507778,3.46851133820177e-05,6.27626630023522e-05,1.04292748971116,0.00284546104621647,0.252032188558489,0,0.0427894351697071,0.408574525999198,0.000753625482417307,0,3.56563406564842e-05,0.00994304370110482,2.83283234371364,1.18067867637136,75.5,7.08359753561142
0.0574569817732635,0.44627299613754,0,0,0.151368590744925,4.30072808212682e-05,0,0.0700701235919276,4.24324029808091e-05,0.473214630872916,0.0722757230066145,0.0157711282528152,0,0.00239320928904629,0,1.29646459022504e-05,0,4.83917468567013,0.0804854628642662,76,6.20858193653315
0.0100922394289065,0.180268906423517,0,0,0,4.65248648502095e-05,0,0,0.000538505743414653,0,0,0,0.661926696598161,0.00179952211391397,0,2.10154790806888e-05,0.0033419210615686,0,0,76.5,0.858035331713412
0.110363537581958,0.410870990972136,0,0,0.0981863010457295,2.5434402644255e-05,5.9240355334997e-06,0.0920839405866111,0,0.0792892401361745,0.0135006604758937,0.0229294220640785,0,0.00053757498271804,0.218953410500662,2.88505652245282e-05,0.0111675922232572,0,0.440891464077034,77,1.49883434364965
0.145093638653316,0.683207209068664,0,0,0.218867527989112,9.64147493120528e-06,9.78333957757577e-05,1.6096456492884,0,0.520451378355282,0,0.0630350407548344,0,0.000202865987977495,0.0674298500177249,4.4311835701042e-05,0.024031826710234,3.14432191032978,1.2457742192875,77.5,7.72221290314923
0.0713570866471604,0.3647261294786,0,0,0,3.84998619010463e-06,8.84744738937166e-05,1.82479613621031,0,0,0,0.0330320143424829,0,0,0.9487218959616,2.99760958708685e-05,0.0209129055810306,10.35523755003,0.760435354941141,78,14.3793413737483
0,0.0823637010899352,0,0,0.154408955391196,0,0,0.840562551645799,0,0,0,0.00626538406927807,0,0,0.677365671183807,5.21721387513284e-05,0.0332467083813202,7.95727745889875,0.155230501409373,78.5,9.90677310420821
0,0,0,0,0.340968835680034,3.19390184614263e-06,0.000504660381588793,0,0,0,0,0,0,0,2.0338939790695,4.43872173678694e-05,0.0245458619429892,2.14941411226409,0,79,4.54937503045742
0,0,0,0,1.22636919031873,0,0.000665077705340456,0,0,0,0,0,0,0,2.03929578583416,1.07554122121489e-05,0.0315017840037441,1.98550233278504,0,79.5,5.28334492605922
0,0,0,0,0.661070805229808,0,0.000130743464885995,0,0,0,0.0132642853063263,0,0,0,1.86876172458708,4.1731958228002e-06,0.0210605094901143,1.59724284671538,0,80,4.16153508798942
0,0,0,0,0.265184710378043,0,0,0,0,0,0.0094574022350788,0,0,0,1.26197277120812,0,0.0253822526701693,3.14137620185722,0,80.5,4.70337333834863
0,0,0,0,0.0304747328427993,0,0,0,0.000368943607863659,0,0.00940180610860707,0,0,0,0.73948775284325,0,0.0254027657637702,8.85617891296232,0,81,9.66131491412861
0,0,0,0,1.78607304164094,0,0,2.25134028810264,0,0,0.0217519334084747,0,0,0,1.54131452095934,1.15608511049842e-05,0.0321951845367077,4.32889820315172,0,81.5,9.96158473265093
0,0.0154407373480685,0,0,0,0,0,0.0414864553097125,0,0.176576323605669,0,0,0,0,0.715945826166237,0,0.00377308066054842,0,0,82,0.953222423090236
0,0.00992496550477711,0,4.46571966717092e-06,0.840632250923248,0,0,2.22508386832171,0,0,0.00844157520077717,0,0,0,0.770805505088052,0,0,2.32280519715248,0,82.5,6.1776978279107
0,0.0313474119964621,0,6.46567201010346e-06,1.48027366195221,0,4.23362780591335e-05,2.86632150892813,0,0,0.0174060820632155,0,0,0.000600224248590787,0.728009457944778,0,0,10.104537955149,0.0136960139939665,83,15.2422411182264
0.0053972868600036,0.0296674319474738,0,1.72854222719474e-05,0.663336876718584,0,0.000274378228728956,1.670015733947,0.00161220162519861,0,0.0219981682880928,0.000827271159954889,0,0,0.243090836118888,0,0,0,0,83.5,2.6362374703162
0.00558713064510531,0.052192938906274,0,2.68595503051765e-06,0.161607406381113,0,0,1.26504408280266,0.00144928484438849,0,0,0,0.0374102975566698,0,0,0,0,0,0,84,1.52329382709125
0,0,0,0,0,0,0,0,0,0,0,0,0,0,0.230113788719755,0,0,0,0,84.5,0.230113788719755
0,0.0311897604085123,0,0,0,0,0,0,0,0,0.00613086695259283,0,0,0,0.107992693178596,0,0,10.9063604853444,0,85,11.0516738058841
0,0,0,0,0,6.70921746912751e-06,5.58131450084011e-05,0.856309267772092,0.000451589034644315,0,0.00342764901001684,0,0.0554982962979503,0,0,0,0,6.81876918637471,0,85.5,7.73451851085189
0.0207430899167777,0,0,4.75071873865775e-06,0,4.06984291073214e-05,0.000268025996201808,0.412322417680493,0,0.191550240360914,0,0.00207331297967714,0.385691658249369,0,0,3.78913249625356e-06,0,1.43076812987421,0.0253930017701027,86,2.46885911510809
0.0123512274240353,0,0,1.2953682666676e-05,0,4.50528666475934e-05,0.0001812771738748,0.454582328532158,0,0,0,0,0.304879645912908,0,0.449001536533139,0,0,0,0,86.5,1.22105402212543
0,0,0,1.17328327885379e-06,0,0,0,0.0938935517533931,0,0,0,0,0,0,0,0,0,0.928058402962343,0,87,1.02195312799901
0,0,0,0,0.146956719063424,0,0,0,0.00120924746906503,0,0.0450000030844454,0,0,0,0,0,0,0,0,87.5,0.193165969616934
0,0,0,0,0,0,0,0,0,0.326005629417056,0.0400623097623249,0,0,0,0,0,0.00148581655998927,0.500091512825062,0,88,0.867645268564431
0,0,0,4.87681562393478e-06,0.0478204547444123,0,0,0.237130325544744,0,0,0.0230041526368799,0,0,0,0.416146000336825,0,0,8.04302079913611,0,88.5,8.76712660921459
0,0,0,0,0,1.67563446163701e-05,1.48036536153097e-05,0.72873414103305,0,0.151826562501503,0,0,0.347517393844637,0,0.618091753321116,0,0,4.82015122263114,0,89,6.66635263332968
0.00487287960915037,0,0,0,0,1.75894818414601e-05,8.15479033495054e-06,0.887902115417082,0,0.196205192076323,0,0,0.144725155184097,0,0.551588769424877,0,0.00254816841647507,0.33217058525326,0,89.5,2.12003860965344
0.00888752581372009,0,0,0,0,1.65048930146344e-05,0.0001130862126557,0.801294973060636,0,0,0,0.00111811728209312,0.188657046380185,0,1.00588991301491,1.88074187649245e-05,0,0,0,90,2.00599597407598
0.00750897406707023,0.00779189613826278,0,4.58691568689073e-06,0,1.87835802551038e-05,0.000171420194301198,1.10053927323091,0,0.262171587876531,0,0,0.188117971348237,0,0,0,0,2.18254526491446,0,90.5,3.74886975826571
0.00830511650368321,0.00217462319472692,0,2.38104687363199e-05,0.314000272576455,2.3409255409348e-05,0.000219071028100673,1.10014162587027,0.000901545399054678,0.140272834230304,0.0103485160296663,0,0.263375390191362,0.000362395637896999,1.22582339186232,2.92507370004239e-06,0.00614285221642567,1.93336232905327,0.026377449547349,91,5.03185755813873
0.0293044903966973,0,0,4.18103793503299e-05,0,2.55457517992815e-05,9.51929347288606e-05,0.631454147684815,0.000123471406055634,0.496261289394337,0.0112872048905812,0,0.138727917645506,0,0.101473742194367,1.97683848171925e-06,0,0,0,91.5,1.40879678951672
0.0648695085761721,0.0510402854890527,0,7.32267673746567e-05,0,4.77664308294548e-05,0.000313408126310193,0.987388225839216,0,0.31441380904749,0,6.29789951096013e-06,0.621673141306312,0,0,8.60438362649076e-06,0,0,0.0593594586156673,92.5,2.09919373248156
0.101264844829094,0.0730726141182757,0.50189095810429,0.000123702393991476,0,4.00008501853535e-05,0.000346388894982131,1.0559809580771,0.000883639571874651,0.565805129445537,0,0.0164790144637302,0.230909918837797,0.000853770455445649,0.673258971048875,2.29649889523035e-05,0.00171252655879212,0,0.395329687616029,93,3.61797509025495
0.168846092209441,0.0429275994023349,1.34281451814466,0.000182198720289368,0,4.36236048240475e-05,0.000501731001555508,2.05269380778303,0.00131522463559506,0.55516265874701,0.0607242497461161,0.0217559145753135,0.823549396825963,0.00150226779220513,0.803707886938503,1.57393525600889e-05,0.0116541813632306,0.319425103160961,0.358867218699054,93.5,6.56568941270265
0.323520492528366,0.326181838531798,1.99285572937053,0.000302581629100567,0,6.22107868284331e-05,0.000712471039138849,2.84194491154681,0.00382690855274343,0.176027467038937,0.0338969065352243,0.0506781851515857,0.849423585962893,0.0022664259327008,0.239602290719396,9.89179389400131e-06,0.0138669686868147,0,0.932432176941301,94,7.78761104274806
0.672028776517074,0.506676664402274,1.97909775668238,0.000857129934059485,0.557122585506618,5.71356073707779e-05,0.000568968330556647,3.46016770883174,0.00553090700768164,1.23747038373292,0.00128770887693846,0.0847062320320903,1.04568741216109,0.00223127812132946,0.17729737918348,0,0.00617545692133531,0,1.31050588696741,94.5,11.0474693708164
0.465976318423071,0.591750913777593,2.01800297126796,0.000743754343577053,1.08922101649965,4.73554838608487e-05,0.000859056496087427,3.35562555605364,0.00719120161962878,0.83837616563716,0.038226947093598,0.0749708418892137,2.27939388652274,0.00335876685359104,0,0,0.00966695373787805,0,1.1000220811748,95,11.8734337868741
0,0,0,0,0,0,0,0,0,0,0,0,0,0,0,0,0,0,0,95.5,0
0,0,0,0,0,0,0,0,0,0,0,0,0,0,0,0,0,0,0,96,0
0,0,0,0,0,0,0,0,0,0,0,0,0,0,0,0,0,0,0,96.5,0
0,0,0,0,0,0,0,0,0,0,0,0,0,0,0,0,0,0,0,97,0
0,0,0,0,0,0,0,0,0,0,0,0,0,0,0,0,0,0,0,97.5,0
0,0,0,0,0,0,0,0,0,0,0,0,0,0,0,0,0,0,0,98,0
0,0,0,0,0,0,0,0,0,0,0,0,0,0,0,0,0,0,0,98.5,0
0,0,0,0,0,0,0,0,0,0,0,0,0,0,0,0,0,0,0,99,0
0,0,0,0,0,0,0,0,0,0,0,0,0,0,0,0,0,0,0,99.5,0
0,0,0,0,0,0,0,0,0,0,0,0,0,0,0,0,0,0,0,100,0
0,0,0,0,0,0,0,0,0,0,0,0,0,0,0,0,0,0,0,100.5,0
0,0,0,0,0,0,0,0,0,0,0,0,0,0,0,0,0,0,0,101,0
0,0,0,0,0,0,0,0,0,0,0,0,0,0,0,0,0,0,0,101.5,0
0,0,0,0,0,0,0,0,0,0,0,0,0,0,0,0,0,0,0,102,0
0,0,0,0,0,0,0,0,0,0,0,0,0,0,0,0,0,0,0,102.5,0
0,0,0,0,0,0,0,0,0,0,0,0,0,0,0,0,0,0,0,103,0
0,0,0,0,0,0,0,0,0,0,0,0,0,0,0,0,0,0,0,103.5,0
0,0,0,0,0,0,0,0,0,0,0,0,0,0,0,0,0,0,0,104,0
0,0,0,0,0,0,0,0,0,0,0,0,0,0,0,0,0,0,0,104.5,0
0,0,0,0,0,0,0,0,0,0,0,0,0,0,0,0,0,0,0,105,0
0,0,0,0,0,0,0,0,0,0,0,0,0,0,0,0,0,0,0,105.5,0
0,0,0,0,0,0,0,0,0,0,0,0,0,0,0,0,0,0,0,106,0
0,0,0,0,0,0,0,0,0,0,0,0,0,0,0,0,0,0,0,106.5,0
0,0,0,0,0,0,0,0,0,0,0,0,0,0,0,0,0,0,0,107,0
0,0,0,0,0,0,0,0,0,0,0,0,0,0,0,0,0,0,0,107.5,0
0,0,0,0,0,0,0,0,0,0,0,0,0,0,0,0,0,0,0,108,0
0,0,0,0,0,0,0,0,0,0,0,0,0,0,0,0,0,0,0,108.5,0
0,0,0,0,0,0,0,0,0,0,0,0,0,0,0,0,0,0,0,109,0
0,0,0,0,0,0,0,0,0,0,0,0,0,0,0,0,0,0,0,109.5,0
0,0,0,0,0,0,0,0,0,0,0,0,0,0,0,0,0,0,0,110,0
0,0,0,0,0,0,0,0,0,0,0,0,0,0,0,0,0,0,0,110.5,0
0,0,0,0,0,0,0,0,0,0,0,0,0,0,0,0,0,0,0,111,0
0,0,0,0,0,0,0,0,0,0,0,0,0,0,0,0,0,0,0,111.5,0
0,0,0,0,0,0,0,0,0,0,0,0,0,0,0,0,0,0,0,112,0
0,0,0,0,0,0,0,0,0,0,0,0,0,0,0,0,0,0,0,112.5,0
0,0,0,0,0,0,0,0,0,0,0,0,0,0,0,0,0,0,0,113,0
0,0,0,0,0,0,0,0,0,0,0,0,0,0,0,0,0,0,0,113.5,0
0,0,0,0,0,0,0,0,0,0,0,0,0,0,0,0,0,0,0,114,0
0,0,0,0,0,0,0,0,0,0,0,0,0,0,0,0,0,0,0,114.5,0
0,0,0,0,0,0,0,0,0,0,0,0,0,0,0,0,0,0,0,115,0
0,0,0,0,0,0,0,0,0,0,0,0,0,0,0,0,0,0,0,115.5,0
0,0,0,0,0,0,0,0,0,0,0,0,0,0,0,0,0,0,0,116,0
0,0,0,0,0,0,0,0,0,0,0,0,0,0,0,0,0,0,0,116.5,0
0,0,0,0,0,0,0,0,0,0,0,0,0,0,0,0,0,0,0,117,0
0,0,0,0,0,0,0,0,0,0,0,0,0,0,0,0,0,0,0,117.5,0
0,0,0,0,0,0,0,0,0,0,0,0,0,0,0,0,0,0,0,118,0
0,0,0,0,0,0,0,0,0,0,0,0,0,0,0,0,0,0,0,118.5,0
0,0,0,0,0,0,0,0,0,0,0,0,0,0,0,0,0,0,0,119,0
0,0,0,0,0,0,0,0,0,0,0,0,0,0,0,0,0,0,0,119.5,0
