"Time","adjusted_concentration_pentanoic_acid","adjusted_concentration_isoprene","adjusted_concentration_butandione","adjusted_concentration_acetaldehyde","adjusted_concentration_butanone","adjusted_concentration_acetic_acid","adjusted_concentration_H2S","adjusted_concentration_acetone","adjusted_concentration_methylphenol","adjusted_concentration_trimethylamine","adjusted_concentration_ethylphenol","adjusted_concentration_butanoic_acid","adjusted_concentration_formic_acid","adjusted_concentration_methanol","adjusted_concentration_phenol","adjusted_concentration_propanoic_acid","adjusted_concentration_methanthiol","adjusted_concentration_dimethyl_sulfide","adjusted_concentration_methyl_indole","hours"
2024-09-18 12:30:00,3.037050124,0.294263026,0.42887028,6.66273173,2.852140112,20.45407933,2.882688135,0.838911400000001,4.705570293,0.0194131180000001,0.933438898,6.83305176,0,2.06016711,1.59692603,5.630283737,0.016575177,0.09121231,0.200504762,0
2024-09-18 13:00:00,6.501390564,0.434136485,0.776929036,8.13118152,1.600521491,51.23873238,0.074230558,0,5.743401039,0.0388601070000001,1.281865054,15.428345609,0.648743455,1.45740905,1.9333543,13.167489128,0.011757336,0.166237889,0.216139345,0.5
2024-09-18 13:30:00,7.049201966,0.372742179,0.634416484,7.63054646,1.008910491,56.88723903,0.183677131,0,4.122514558,0.0625290889999999,0.926146048,16.118030049,0.113905521,1.36664253,1.460631016,13.782695227,0.021330434,0.132685834,0.138931269,1
2024-09-18 14:00:00,7.849273722,0.463716731,0.477685731,6.58472619,0.787907029,63.26928782,0,0,4.985662892,0.0974077310000001,1.11788389,17.894269266,0,0.359459100000002,1.817715898,15.527545334,0.036838198,0.201967474,0.110576814,1.5
2024-09-18 14:30:00,7.673467267,0.473590805,0.434020918,5.28928263,0.294069652,59.69560785,0,0,4.747756904,0.103537515,1.014793589,17.053263629,0,0,1.843361921,14.678010892,0,0.184431557,0.132217322,2
2024-09-18 15:00:00,7.881590684,0.366320353,0.382830512,4.79810247,0.177850935,60.50826122,0,0,4.382953687,0.0712688400000001,1.0986507,17.359165616,0,0,1.738809284,14.914207547,0.00723492099999998,0.212953431,0.119698119,2.5
2024-09-18 15:30:00,7.711026383,0.344854558,0.184969566,2.16360799,0,55.35249237,0,0,3.949962405,0.124831626,0.820365852,16.978057304,0,0,1.582226995,14.668864629,0,0.133866174,0.075691227,3
2024-09-18 16:00:00,5.834649471,0.159966002,0.199049673,1.66073505,0,40.86425136,0,0,2.641927527,0,0.675224986,13.074009202,0,0,1.093994648,10.775645846,0,0.108447325,0,3.5
2024-09-18 16:30:00,7.174074027,0.164964291,0.335810659,2.69279177,0.0547116180000002,52.43000195,0,0,3.036036636,0,0.77234416,15.767162524,0,0,1.266299883,13.653524323,0,0.127079374,0.125564343,4
2024-09-18 17:00:00,5.233991842,0.080063497,0.422607859,2.57963268,0,37.90222165,0.357923132,0,2.147558017,0.019834898,0.616492028,11.672845056,0.119781744,0,1.008400212,9.803625949,0,0.135051053,0.0811543,4.5
2024-09-18 17:30:00,3.939933441,0.197380681,0.312435431,2.02783262,0,27.53194018,0,0,1.607324107,0.0679357119999999,0.467678094,8.617789805,0,0,0.710237271,7.319408773,0,0.144798172,0.036343342,5
2024-09-18 18:00:00,3.727657757,0.173330869,0.158966513,1.54108805,0,25.44083856,0.0691726959999999,0,1.632307236,0,0.392181821,8.052905436,0,0,0.646903463,6.652268009,0,0.102492288,0.0294897599999999,5.5
2024-09-18 18:30:00,3.731915082,0.0723581189999999,0.227916438,1.72465763,0.0268377339999999,23.41358727,0.426368466,0,1.498358541,0.027306925,0.426105685,7.557019156,0,0,0.705185909,6.333403669,0.006460041,0.090338871,0.123622167,6
2024-09-18 19:00:00,2.509037647,0.098938634,0.253834346,1.63089689,0.0550198110000002,14.71541736,0,0,1.243783053,0.0273585949999999,0.303855983,5.075291083,0,0,0.504447008,4.230155248,0.00723053599999998,0.030331846,0,6.5
2024-09-18 19:30:00,1.86561752,0,0.225889714,0.444210269999999,0,9.16377265,1.350078955,0,1.161111168,0.00184986799999998,0.29935106,3.66018585,0,0,0.4924424,3.042154316,0,0,0,7
2024-09-18 20:00:00,1.424512061,0.055439529,0.214709729,0.85895395,0.0666333300000002,6.722868731,0.0236890990000003,0,1.033479598,0,0.323537686,2.647018737,0.02073692,0,0.468088194,2.077770082,0.023199724,0.0875557340000001,0.0360433109999999,7.5
2024-09-18 20:30:00,1.022942315,0.016733813,0.366553396,0.52990679,0.331824677,5.499350541,0.550209245,0,0.894660278,0,0.243050379,1.934841429,0.109689636,0.208464880000001,0.428449724,1.385028176,0.012198346,0.187222194,0.017950902,8
2024-09-18 21:00:00,0.80105102,0,0.172973293,0,0.082512302,3.982101522,0.195743418,0,0.906050869,0.0136548449999999,0.130532137,1.222146513,0.144594733,0,0.411172927,0.811352856,0,0.080771845,0,8.5
2024-09-18 21:30:00,0.466738773,0,0.058226965,0,0.43227295,3.302590375,0.617209077,0.220212119999999,0.830471276,0.029839917,0.239552161,0.729687405,0.472921554,0,0.317406865,0.393466767,0,0.028387272,0,9
2024-09-18 22:00:00,0.25896618,0.03529368,0.154359981,0,0.828741979,2.848277119,1.030557269,0.388157079999999,0.434536937,0.0563241569999999,0.109329915,0.486676438,0.45000014,0,0.220170037,0.376626358,0,0.050539058,0,9.5
2024-09-18 22:30:00,0.388928953,0,0.354907376,0.24144899,1.683017246,3.378748975,0.105202329,4.75822289,0.519734806,0.143840629,0.152928274,0.674641014,0.830428116,0,0.335676697,0.595736461,0,0.0804424340000001,0,10
2024-09-18 23:00:00,0.325847388,0,0.294176038,0.123378349999999,0.840537854,2.732404458,0.115666211000001,4.56470391,0.502520742,0.128653108,0.147651584,0.620317893,0.356048505,0,0.265191659,0.53300312,0,0.018968628,0,10.5
2024-09-18 23:30:00,0.283014709,0,0.180590163,0.457815480000001,0.998747329,3.068894634,0.677130582,1.13870787,0.516848735,0.0904266939999999,0.066576282,0.620026769,0.510784859,0.263917300000003,0.233583699,0.488596844,0,0,0,11
2024-09-19,0.171087189,0,0.074981098,0.11432772,0.377127745,1.747123101,0.275839458999999,0.153962959999999,0.353632192,0.059886112,0.086585563,0.384288042,0.155731644,0,0.144171175,0.300824345,0,0.0479427330000001,0.030168564,11.5
2024-09-19 00:30:00,0.253773269,0,0.303304759,0.354300220000001,1.010883687,1.687700515,0,2.56575395,0.647851236,0.130825575,0.156303021,0.388829608,0.16215608,0,0.316741481,0.173354792,0,0.00929516199999991,0,12
2024-09-19 01:00:00,0.37559528,0,0.603298401,2.2609111,2.951440848,2.822466608,0.243842491,12.361524181,1.099358552,0.296961888,0.293271471,0.870368714,0.137251645,1.97851296,0.589758265,0.654819935,0,0.131786844,0,12.5
2024-09-19 01:30:00,0.321486158,0,0.308655766,0.88321446,1.30667113,1.731592836,0.628303636,4.433314078,0.654360332,0.12129498,0.116404481,0.522722379,0.138173742,0.424710330000003,0.324191831,0.50046874,0,0.057560292,0,13
2024-09-19 02:00:00,0.178112689,0,0.466273601,1.76788153,1.452476953,1.429882313,0.391524032,5.7281151,1.025498477,0.183374812,0.186313975,0.356054428,0,1.46338535,0.58766757,0.286549865,0.002263297,0.117816202,0.023093864,13.5
2024-09-19 02:30:00,0.149432992,0.015882734,0.309458052,1.83905478,0.786408955,0.570814373,0.778877466999999,0,0.650723136,0.038764901,0.183865726,0.146982975,0,1.4311756,0.374614915,0.159178113,0.03283674,0.0970749909999999,0,14
2024-09-19 03:00:00,0.215305195,0.083863824,0.584219109,2.903806241,1.854983113,0.623452941,0,2.96774929,1.003959593,0.151346174,0.257473452,0.203240611,0,2.89284832,0.557875924,0.197104004,0.031760973,0.219044246,0.00206381099999997,14.5
2024-09-19 03:30:00,0.17185382,0,0.198959099,0.654792097,0.356710735,1.041092294,1.104113859,0.0205449400000006,0.628094177,0.055149981,0.235216155,0.364198587,0,0,0.392100544,0.292316475,0,0.020767375,0.0328340549999999,15
2024-09-19 04:00:00,0.043226236,0,0.223825522,0.421997369,0.562693292,1.042967263,0.894459445,1.932323611,0.513100405,0.121345696,0.105513212,0.291446865,0,0.665910820000001,0.193271031,0.228817956,0,0.019321696,0.117209204,15.5
2024-09-19 04:30:00,0.123344277,0.0557631199999999,0.280447256,0,0.58127984,0.994046843,0.238457897,2.588394514,0.312059874,0.129416225,0.063831542,0.249932481,0,0,0.0601265089999999,0.110895669,0,0.0772169309999999,0.00143575399999996,16
2024-09-19 05:00:00,0.166812355,0.113223904,0.641644038,0.883585372000001,1.969813141,1.438294312,1.115559701,9.465039013,0.532733601,0.302829748,0.0316711239999999,0.284601002,0.0142890810000003,1.71687294,0.354158263,0.321227853,0,0.058373775,0,16.5
2024-09-19 05:30:00,0.163839577,0,0.328471217,0.215707200000001,1.021951783,1.395143218,0.0920845430000004,4.058779609,0.488157546,0.215144391,0.197366737,0.378065863,0.0913852899999998,0.593464570000002,0.227386151,0.227377327,0,0.077365547,0,17
2024-09-19 06:00:00,0.225429647,0.0343637829999999,0.320987097,0.0164192199999995,1.353575472,1.866909906,1.061145776,4.896711601,0.447379932,0.18570898,0.091687308,0.536234431,0.193767585,0.0636004600000035,0.302395652,0.371156947,0.00787904699999997,0.075503539,0,17.5
2024-09-19 06:30:00,0.181492872,0.027992069,0.39217952,0.205322094000001,1.209940247,1.627152486,0.24002525,4.894631163,0.507634148,0.245988427,0.159302959,0.400006597,0.215124202,0.455662859999997,0.217893276,0.270319228,0,0,0,18
2024-09-19 07:00:00,0.097081965,0,0.290322774,0,0.955563979,1.071372491,0,2.803781671,0.412642374,0.131916523,0.060570678,0.235654742,0.12451091,0.740428279999996,0.149724252,0.103698419,0,0,0,18.5
2024-09-19 07:30:00,0.169768012,0,0.431846109,0.51694427,0.938373536,1.188981106,0,0.51985728,0.443204994,0.048897764,0.113527714,0.380481376,0.228517439,0.856765280000005,0.187087801,0.049240559,0,0.012470665,0,19
2024-09-19 08:00:00,0.0830076,0.060545352,0.210851176,0.485457137999999,0.446159723,0.748145783,1.344014954,0,0.352126931,0.099777492,0.057190101,0.278893335,0,1.26976417,0.200487026,0,0.00919882999999999,0.100257146,0.0879206219999999,19.5
2024-09-19 08:30:00,0.121754449,0.073211863,0.454925035,1.291462771,0.469765503,1.014249072,0.314625031,0,0.416529711,0.07790246,0.172632806,0.325794753,0.0198092519999999,2.07780722,0.277102099,0.025827595,0.013076517,0.07374447,0,20
2024-09-19 09:00:00,0.119610469,0.138885365,0.412603434,2.029612888,0.657464897,0.470881725,0,0,0.50500064,0.0393765509999999,0.17607289,0.465314066,0.163783219,2.53570336,0.276316786,0.172278356,0.038704219,0.119194927,0,20.5
2024-09-19 09:30:00,0.270155608,0.178585583,0.506192618,3.138265125,0.592516151,2.371352283,0.541321214,0,0.545964181,0,0.120232985,0.623736502,0.497812351,2.75017405000001,0.357168777,0.474225856,0.024731891,0.032102073,0,21
2024-09-19 10:00:00,0.714807404,0.390091105,0.614186499,5.88260109,0.701124182,5.390777176,0.780854556,0,0.639973612,0.091082666,0.180637891,1.334777391,1.569352855,1.6983997,0.469626722,1.068018635,0.01120519,0.018446729,0,21.5
2024-09-19 10:30:00,2.193703397,0.403076173,0.751184528,7.42292973,1.108871873,23.264908358,0,0,0.662707498,0.118679303,0.199271221,5.341517105,3.828393393,2.86721821,0.453865262,4.628824897,0,0,0,22
2024-09-19 11:00:00,2.128399922,0.496157132,0.859411227,6.95650318,1.020681785,24.255525143,0,0,0.465203379,0.331698378,0.305992357,4.509568499,7.297590424,3.12293376,0.34960079,4.375800676,0.023649865,0.051187855,0,22.5
2024-09-19 11:30:00,2.011930789,0.497494192,0.89372377,7.1772966,0.958376637,19.785139338,0,0,0.445527441,0.454203003,0.215239931,4.510248249,4.168820177,2.92402972,0.35080311,3.968732105,0,0,0,23
2024-09-19 12:00:00,2.392986247,0.477370064,0.802899999,7.45443908,0.776149821,22.239476597,0,0,0.539135898,0.388381293,0.251839587,5.757889057,3.150563531,2.87181322,0.406265095,4.79972935,0,0,0,23.5
2024-09-19 12:30:00,2.271865258,0.335345833,0.775863483,6.86517178,0.44700362,17.750446426,0,0,0.38029008,0.355028432,0.224081761,5.273466843,1.078462184,1.9100024,0.300955763,3.992456211,0,0,0,24
2024-09-19 13:00:00,2.678347621,0.163206036,0.610831726,4.9224202,0.471425495,20.95390317,0,0,0.301901555,0.115127538,0.08957354,6.154050453,0.328164382,2.25045838,0.276578539,5.179067385,0,0.017516611,0,24.5
2024-09-19 13:30:00,3.782196186,0.272331634,0.699135077,5.79394742,0.925210684,27.32881314,0,0,0.450770703,0.190670262,0.288133913,8.367932869,0.893556972,2.92783915,0.350345659,6.888575037,0.00214790099999998,0.052302226,0.044724196,25
2024-09-19 14:00:00,4.568040325,0.240429318,0.660943849,4.26601357,0.744398016,31.85568665,0,0,0.486973335,0.137111482,0.206416972,9.769928389,0,1.26295412,0.449016661,8.136369517,0,0.069723974,0,25.5
2024-09-19 14:30:00,5.593666943,0.288624758,0.766288013,3.75853773,0.588027214,35.92310887,0,0,0.5233994,0.150909109,0.213962299,11.929468146,0,0.475406630000002,0.506928642,9.560006294,0,0.119431963,0,26
2024-09-19 15:00:00,4.451839119,0.236870037,0.5183877,2.94961317,0.213228422,27.63430141,0,0,0.406425346,0.038730532,0.063706103,9.103482279,0,0.268759269999997,0.431617087,7.433617162,0,0.074383326,0,26.5
2024-09-19 15:30:00,5.530117831,0.147538628,0.550438291,2.00361801,0.171626972,33.72107704,0,0,0.442150625,0,0.195196189,11.328675216,0,0.449112469999996,0.37559474,9.269075567,0,0.167441552,0,27
2024-09-19 16:00:00,3.093008683,0.191429408,0.190522125,0.8437242,0,18.22198498,0,0,0.293546283,0.071865015,0.013299688,6.308690385,0,0,0.241341556,5.102683015,0,0.148550611,0,27.5
2024-09-19 16:30:00,2.906645959,0.124021267,NA,2.00324514,NA,18.75602091,NA,NA,0.295585072,NA,NA,6.029367502,0,0,0.285842515,4.928303105,NA,NA,NA,28
2024-09-19 17:00:00,2.740870581,0,NA,1.87356934,NA,17.17985197,NA,NA,0.241376048,NA,NA,5.792588409,0,1.23576769,0.157324398,4.505485087,NA,NA,NA,28.5
2024-09-19 17:30:00,3.808444121,0,NA,1.85782136,NA,23.6791415,NA,NA,0.276473432,NA,NA,8.250217396,0,0.221099549999998,0.267121915,6.520905678,NA,NA,NA,29
2024-09-19 18:00:00,3.229719279,0.0332759970000001,NA,1.37782473,NA,18.55463319,NA,NA,0.302444327,NA,NA,6.942186861,0,0,0.284837042,5.624881762,NA,NA,NA,29.5
2024-09-19 18:30:00,2.842255485,0.07190292,NA,1.32384438,NA,15.98590519,NA,NA,0.340385712,NA,NA,6.039576817,0,1.07087085000001,0.215935573,4.953501482,NA,NA,NA,30
2024-09-19 19:00:00,2.085314716,0,NA,1.00619209,NA,10.54708342,NA,NA,0.275854181,NA,NA,4.223153443,0,0.623767229999999,0.188886121,3.358412263,NA,NA,NA,30.5
2024-09-19 19:30:00,1.117709569,0,NA,0.7569985,NA,5.09617544,NA,NA,0.305138454,NA,NA,2.264709509,0,1.75243654000001,0.133392948,1.846533028,NA,NA,NA,31
2024-09-19 20:00:00,0.706993702,0,NA,0.56747519,NA,2.12731446,NA,NA,0.266266648,NA,NA,1.400293191,0,3.70261241,0.11423838,1.304358184,NA,NA,NA,31.5
2024-09-19 20:30:00,0.770681338,0,NA,1.65692864,NA,3.560009851,NA,NA,0.342047849,NA,NA,1.413710936,0.00275996299999992,5.52135509,0.208614021,1.384194016,NA,NA,NA,32
2024-09-19 21:00:00,0.655414656,0,NA,0,NA,2.206356536,NA,NA,0.263571702,NA,NA,0.846089166,0.180260215,0,0.182316708,0.687439956,NA,NA,NA,32.5
2024-09-19 21:30:00,0.452932087,0,NA,0,NA,0,NA,NA,0.133969459,NA,NA,0.274825784,0.0781101770000001,0,0.10365379,0.0103845229999999,NA,NA,NA,33
2024-09-19 22:00:00,0.480966446,0.0281334209999999,NA,0,NA,1.065741317,NA,NA,0.201580376,NA,NA,0.533054236,0.241466677,0,0.246752015,0.180284983,NA,NA,NA,33.5
2024-09-19 22:30:00,0.883701378,0.143605215,NA,1.29456359,NA,3.126375619,NA,NA,0.222264192,NA,NA,1.467638512,0.202111669,0,0.363996432,1.139434985,NA,NA,NA,34
2024-09-19 23:00:00,0.499345143,0.046900991,NA,0,NA,2.061750451,NA,NA,0.239217171,NA,NA,0.70031535,0.422657886,0,0.24181668,0.676122848,NA,NA,NA,34.5
2024-09-19 23:30:00,0.548867871,0.0191479369999999,NA,0,NA,2.148134772,NA,NA,0.182182682,NA,NA,0.549329092,0.472793382,0,0.244625182,0.639279464,NA,NA,NA,35
2024-09-20,0.501415425,0.111989323,NA,0,NA,1.875496007,NA,NA,0.175138868,NA,NA,0.55241952,0.429780319,0,0.162883402,0.502474411,NA,NA,NA,35.5
2024-09-20 00:30:00,0.32610561,0.0363474359999999,NA,0,NA,1.368598045,NA,NA,0.169199054,NA,NA,0.448859425,0.480244261,0,0.154431964,0.405917046,NA,NA,NA,36
2024-09-20 01:00:00,0.448463635,0.0203638860000001,NA,0,NA,1.94243349,NA,NA,0.202618629,NA,NA,0.657813858,0.600758136,0,0.167919719,0.489155948,NA,NA,NA,36.5
2024-09-20 01:30:00,0.502462718,0.101872626,NA,0,NA,2.145596163,NA,NA,0.181894225,NA,NA,0.758704486,0.577112645,0,0.16622921,0.587057661,NA,NA,NA,37
2024-09-20 02:00:00,0.417275604,0.00691317300000005,NA,0,NA,1.835526557,NA,NA,0.173058019,NA,NA,0.675566898,0.72581428,0,0.167312088,0.525190981,NA,NA,NA,37.5
2024-09-20 02:30:00,0.412455611,0.0743624000000001,NA,0,NA,1.355452252,NA,NA,0.216631835,NA,NA,0.298376901,0.39388269,0,0.251211296,0.364856187,NA,NA,NA,38
2024-09-20 03:00:00,0.31664691,0.075325206,NA,0,NA,0.65103078,NA,NA,0.161319554,NA,NA,0.42937807,0.382170157,0,0.2303227,0.28871238,NA,NA,NA,38.5
2024-09-20 03:30:00,0.314261596,0.091653338,NA,0,NA,0.717610774000001,NA,NA,0.212196018,NA,NA,0.360593815,0.267255482,0,0.225868292,0.316536297,NA,NA,NA,39
2024-09-20 04:00:00,0.326473776,0.157344297,NA,0.630479056999999,NA,0.720238107,NA,NA,0.159629204,NA,NA,0.466858777,0.31217822,0,0.270215907,0.34572132,NA,NA,NA,39.5
2024-09-20 04:30:00,0.300363036,0.184298588,NA,2.144906669,NA,1.266879321,NA,NA,0.212449189,NA,NA,0.489422835,0.308183202,0,0.21915162,0.369957048,NA,NA,NA,40
2024-09-20 05:00:00,0.41040783,0.162894255,NA,0,NA,1.061415906,NA,NA,0.148316905,NA,NA,0.446110441,0.463510045,0,0.140957882,0.337727188,NA,NA,NA,40.5
2024-09-20 05:30:00,0.359054994,0.183818094,NA,0,NA,1.856520513,NA,NA,0.093194222,NA,NA,0.537262235,0.614559569,0,0.197253924,0.611570441,NA,NA,NA,41
2024-09-20 06:00:00,0.362594836,0.0778353549999999,NA,0,NA,1.858222913,NA,NA,0.226901681,NA,NA,0.534511015,0.604488261,0,0.178980596,0.601316413,NA,NA,NA,41.5
2024-09-20 06:30:00,0.370784203,0.150881108,NA,0,NA,1.824049798,NA,NA,0.17402298,NA,NA,0.649586881,0.750586789,0,0.120346038,0.763572448,NA,NA,NA,42
2024-09-20 07:00:00,0.352278499,0.098962948,NA,0,NA,1.94853485,NA,NA,0.163140021,NA,NA,0.665470712,0.76398256,0,0.171875141,0.532342464,NA,NA,NA,42.5
2024-09-20 07:30:00,0.377616482,0.0755422960000001,NA,0,NA,1.985691133,NA,NA,0.205625147,NA,NA,0.572375335,0.839431479,0,0.161332922,0.666441792,NA,NA,NA,43
2024-09-20 08:00:00,0.423349046,0.0740816050000001,NA,0,NA,1.672537217,NA,NA,0.179042441,NA,NA,0.624617549,0.920872275,0,0.098922083,0.374864581,NA,NA,NA,43.5
2024-09-20 08:30:00,0.381291916,0.194809599,NA,0,NA,1.669971852,NA,NA,0.170847557,NA,NA,0.397934499,0.587695435,0,0.13970847,0.237770871,NA,NA,NA,44
2024-09-20 09:00:00,0.472571012,0.237556101,NA,1.044006441,NA,1.796656778,NA,NA,0.187812744,NA,NA,0.66734764,0.524669726,0,0.241822514,0.518915956,NA,NA,NA,44.5
2024-09-20 09:30:00,0.307811955,0.234416085,NA,0.838512968,NA,0.792168504,NA,NA,0.187530848,NA,NA,0.613929036,0.63950517,0,0.194623201,0.531068291,NA,NA,NA,45
2024-09-20 10:00:00,0.368442386,0.25539703,NA,1.189139325,NA,1.577159085,NA,NA,0.174489046,NA,NA,0.684038184,0.659049208,0,0.186002655,0.608169036,NA,NA,NA,45.5
2024-09-20 10:30:00,0.453056179,0.161374665,NA,1.51698633,NA,1.923037389,NA,NA,0.131558596,NA,NA,0.709746404,0.739743644,0,0.223937675,0.601477777,NA,NA,NA,46
2024-09-20 11:00:00,0.336795527,0.125991137,NA,1.28200972,NA,2.249629745,NA,NA,0.100740552,NA,NA,0.607793609,0.576489522,0.298550839999997,0.124632702,0.578744501,NA,NA,NA,46.5
2024-09-20 11:30:00,0.478791222,0.08888476,NA,1.15829667,NA,3.614786272,NA,NA,0.074199395,NA,NA,0.880250719,0.574393794,0.881477590000003,0.025436064,0.714188669,NA,NA,NA,47
2024-09-20 12:00:00,0.436884906,0.099279362,NA,0.92602104,NA,5.610431208,NA,NA,0.064203003,NA,NA,1.056368372,0.670935868,1.17483435,0.093762761,1.045913068,NA,NA,NA,47.5
2024-09-20 12:30:00,0.739254714,0.095079145,NA,1.47616873,NA,8.965875707,NA,NA,0.095987302,NA,NA,1.773974738,1.851444287,2.23418185,0.104632411,1.49505258,NA,NA,NA,48
2024-09-20 13:00:00,0.80777191,0.073615863,NA,2.11067945,NA,8.626017616,NA,NA,0.046412488,NA,NA,1.869210338,2.496477894,2.60367476,0.061699591,1.418682254,NA,NA,NA,48.5
2024-09-20 13:30:00,1.664290478,0,NA,0.450306100000001,NA,12.47028963,NA,NA,0.0392029629999999,NA,NA,3.808370994,2.41162057,2.48186547,0.080671321,3.042330038,NA,NA,NA,49
2024-09-20 14:00:00,1.826506385,0,NA,1.59236656,NA,12.92402493,NA,NA,0.116575592,NA,NA,4.13054361,1.24890308,1.97162572000001,0.106790554,3.334688351,NA,NA,NA,49.5
2024-09-20 14:30:00,2.427973478,0.058666547,NA,1.30899971,NA,15.73031725,NA,NA,0.077684259,NA,NA,5.168076022,0.480549939,1.98860549,0.107305843,4.254847969,NA,NA,NA,50
2024-09-20 15:00:00,1.656096617,0.220428245,NA,0.675102160000002,NA,9.59253595,NA,NA,0.043368557,NA,NA,3.307863455,0.125651592,0.467699400000001,0.118415596,2.719491117,NA,NA,NA,50.5
2024-09-20 15:30:00,1.484848943,0.152234326,NA,0,NA,7.43592521,NA,NA,0.070340737,NA,NA,2.959700836,0,0.467950909999999,0.058361079,2.398163952,NA,NA,NA,51
2024-09-20 16:00:00,0.811523938,0.146127066,NA,0,NA,2.76643385,NA,NA,0.106047248,NA,NA,1.855350768,0,0,0.039637375,1.314270855,NA,NA,NA,51.5
2024-09-20 16:30:00,0.740299258,0.0960236609999999,NA,0,NA,2.28245761,NA,NA,0.078518479,NA,NA,1.505580085,0,0,0.0596920670000001,1.136623092,NA,NA,NA,52
2024-09-20 17:00:00,1.081775556,0.02720844,0.440936428,0.159331660000001,0.236103466,6.15340555,0,1.08300675,0.016056669,0.00887255099999984,0.127125131,2.635378745,0,0.223008390000004,0.095564467,1.825338821,0,0.054244569,0,52.5
2024-09-20 17:30:00,1.343271606,0,0.846264996,0.422958869999999,0.72314344,7.063168,0.901911707,2.00047683,0.023775984,0.0265355189999998,0.113182515,2.915670531,0,0.754275759999999,0.040323589,2.199970384,0,0.082833523,0.228504035,53
2024-09-20 18:00:00,0.89856086,0,0.745437734,0.00081635999999996,0.65650789,3.6667708,1.696014356,1.49563397,0,0.0853199280000001,0.081533716,1.98185812,0,0.70040925,0.039906879,1.458067831,0,0.058286514,0.132069003,53.5
2024-09-20 18:30:00,0.753942556,0.0557047559999999,1.130728398,0.43889049,0.985997294,1.65927504,0.180187815,1.47568398,0.067220616,0.0575304109999999,0.021675907,1.61015742,0,1.39584474999999,0,1.190800168,0,0.086222286,0.143946782,54
2024-09-20 19:00:00,0.252276781,0.126965351,0.479421167,0.070256989999999,0.491608046,0,0.673516996,0,0.108653804,0,0,0.665625508,0,0.295033570000001,0,0.74559661,0.00324799200000001,0.161134809,0.034237662,54.5
2024-09-20 19:30:00,0.333836472,0,0.147695046,0,0.248597006,0,1.364610071,0,0.04775299,0,0.00121762199999997,0.658932555,0,0,0.0362545379999999,0.809169466,0.019996906,0.179109414,0.07465565,55
2024-09-20 20:00:00,0.0747929940000001,0,0.352108104,0,0,0,0.305162381,0,0.024404181,0,0.034424198,0,0,0,0,0.110924078,0.049461643,0.095794744,0.202545993,55.5
2024-09-20 20:30:00,0.0325542430000001,0,0.0537131270000002,0,0,0,1.533239674,0,0.00625651500000002,0,0.018261136,0,0,0,0,0.0609500010000001,0,0.130630629,0.082040372,56
2024-09-20 21:00:00,0.00495838300000007,0,0.419772418,0,0,0,0.236268889,0,0.02995736,0,0,0,0,0,0.045142388,0,0,0.151107176,0.218140036,56.5
2024-09-20 21:30:00,0.0550181590000001,0,0.309829195,0,0,0,1.370404492,0,0.060926704,0,0.0778949050000001,0.0752165360000001,0,0,0.027819896,0,0.025275819,0.186589126,0,57
2024-09-20 22:00:00,0,0,0.236576809,0,0.155101879,0,0.613263284,0,0.032388461,0,0,0,0,0,0,0,0,0.0305756190000001,0.013518925,57.5
2024-09-20 22:30:00,0.038980445,0,0.215449619,0,0.107447909,0,0.954318393,0.16780408,0.021677883,0,0.05023711,0,0,0,0,0,0,0,0.056643098,58
2024-09-20 23:00:00,0.145512908,0,0.351947912,0,0.20886101,0.174948051,0.561570986,0.841517809999999,0.013095277,0,0.029578802,0.156639889,0.0514217619999999,0,0.040579218,0,0.012548846,0.022533571,0.135573185,58.5
2024-09-20 23:30:00,0.0229410200000001,0,0.391038665,0,0.391994125,0.718117745000001,0,3.93276575,0.023584237,0.10334703,0,0.0832204590000001,0.326524172,0,0.040810846,0.098666519,0.00542775899999998,0,0.004737518,59
2024-09-21,0.10351324,0,0.531834318,0,0.514541209,1.079357377,0.719415924000001,5.28486218,0.061659163,0.113101871,0.056429558,0.18680957,0.277489541,0,0.026579717,0.245404752,0,1.53769999999831e-05,0,59.5
2024-09-21 00:30:00,0,0,0.510565633,0,0.825448235,0.676898863,1.338565582,4.09164259,0.00564839299999997,0.122721765,0,0.149243151,0.393014054,0,0,0.138266941,0,0,0,60
2024-09-21 01:00:00,0.0393788470000001,0,0.373128988,0,0.473271212,1.07282367,0.578794072,5.10127883,0.010401776,0.091655009,0.025037405,0.071374257,0.183191027,0,0,0.161566335,0,0,0.135445699,60.5
2024-09-21 01:30:00,0.0955232580000001,0,0.481429844,0,0.510542848,1.069045967,0,7.65918966,0.018856355,0.102838535,0.087451877,0.121608282,0.33588569,0,0,0.0413460290000001,0,0.00698159799999998,0.231731284,61
2024-09-21 02:00:00,0.042844056,0,0.386534012,0,0.807403834,1.300536052,0.594641196,9.128204981,0.044807705,0.185994539,0.00589697199999994,0.192439033,0.388592463,0.376301429999998,0.00251476299999998,0.196437644,0,0.0918696450000001,0.163514166,61.5
2024-09-21 02:30:00,0.031897368,0,0.289856771,0,1.014662608,1.273222495,0.615419935999999,9.831859658,0,0.200402149,0,0.154180718,0.479566106,0.389055910000003,0,0.226420511,0,0,0,62
2024-09-21 03:00:00,0.094967331,0,0.253776498,0,0.393585929,0.64752635,0.0917446909999997,5.02307166,0.00280192400000001,0.0566004179999999,0.035886002,0.0599499680000001,0.183138923,0.266816490000004,0,0.00218716500000005,0,0.030770237,0,62.5
2024-09-21 03:30:00,0,0,0.264937545,0,0,0.201334948,0.219733149,2.05089018,0.039394279,0.0364971199999999,0.00958314299999996,0.0211446659999999,0.203056449,0,0.020668408,0.0452172229999999,0,0.021609581,0,63
2024-09-21 04:00:00,0.026158928,0,0.226340088,0,0.169323707,0.464952636,0,3.48892333,0.044899496,0.043176048,0.056390275,0,0.213026318,0.465144870000003,0,0.0568026369999999,0,0.086961628,0.070798401,63.5
2024-09-21 04:30:00,0,0,0.243033867,0,0.453504534,0.788389495,0.277498898999999,5.76895692,0,0.079599022,0.0321906280000001,0.086501005,0.303235844,0.572673449999996,0,0.0852259439999998,0,0.040352052,0,64
2024-09-21 05:00:00,0.042949887,0,0.421029575,0,0.701386614,0.88023375,0.773597689,9.336664021,0.025290835,0.168063119,0.055456251,0.074507289,0.079311423,0.470557429999999,0,0,0,0.016921638,0.101131024,64.5
2024-09-21 05:30:00,0,0,0.385181586,0,0.863666417,1.254944503,0,10.65808885,0,0.206084957,0,0.115949251,0.315213621,0.305373810000006,0,0.127427631,0,0.00692345999999999,0.068837521,65
2024-09-21 06:00:00,0,0,0.379841269,0,0.95605613,1.530094857,0.885736068,11.259082713,0,0.265296983,0,0.164480156,0.379424015,1.47174126,0,0.112162932,0,0,0,65.5
2024-09-21 06:30:00,0.043530898,0,0.204274909,0,0.932983403,1.600313395,0.622082468,11.093706959,0.063221583,0.237438098,0.018138232,0.14186505,0.373131534,0.554796420000002,0,0.209296049,0,0,0,66
2024-09-21 07:00:00,0.0497090609999999,0,0.373738464,0,1.189615466,1.272298594,0.306869306999999,11.910987291,0.055161659,0.268510427,0.047616047,0.228657798,0.475851127,1.13283879,0,0.104132514,0,0.00702911300000003,0,66.5
2024-09-21 07:30:00,0,0,0.481120626,0,1.050629805,1.532017479,0,11.068445943,0.105795619,0.207102729,0,0.027825134,0.517146066,1.02152003,0,0.160831483,0,0,0,67
2024-09-21 08:00:00,0.040320545,0,0.348047484,0,0.779184334,1.18760091,0,8.653651631,0.055057783,0.209038408,0.00231593800000007,0.066017263,0.679984554,0.840220979999998,0,0.201783104,0,0,0,67.5
2024-09-21 08:30:00,0.119592936,0,0.273566847,0.857916017000001,0.860732059,2.084195537,0.442033565,6.85155239,0.016688116,0.135237206,0,0.299085884,0.749995587,1.46460836,0,0.218648697,0,0.025577067,0.02641391,68
2024-09-21 09:00:00,0.048908168,0.110354271,0.238242166,0.586726007999999,0.583868217,1.621988192,0.511391406,3.50955017,0.032966573,0.127737948,0.055019684,0.145459266,0.544573047,1.55787768,0.02088677,0.162151455,0,0.092435765,0.088848933,68.5
2024-09-21 09:30:00,0.112468227,0.032393844,0.390576668,1.421298941,0.397673563,1.861265755,0.557548032,2.67803536,0.022264378,0.068514615,0.040248762,0.230059473,0.533188811,1.60759517,0.034064212,0.32740185,0,0.0520066300000001,0,69
2024-09-21 10:00:00,0,0.055711961,0.466232603,0.887851247999999,0.269316171,0.689439217,0,2.08155719,0.0514192020000001,0.0651415599999999,0,0.216832517,0.531479863,0.754771150000003,0.074981922,0.172392776,0.032151616,0.022987539,0.011095537,69.5
2024-09-21 10:30:00,0.163696794,0.111106133,0.437761108,3.123830075,0.700952057,3.039756575,0,2.42770943,0.051607297,0.0676847820000001,0.016550407,0.335771803,0.707691618,0.829627190000004,0.027351728,0.460983257,0.02564627,0.068836825,0,70
2024-09-21 11:00:00,0.491147887,0.185340452,0.677995582,4.8538933,0.946399505,8.821478196,0,3.05443988,0.017674613,0.15737546,0.0884268410000001,1.073361389,2.012983214,1.30049485,0.148875679,1.196043874,0.023975751,0.0703381789999999,0.010697281,70.5
2024-09-21 11:30:00,0.723608865,0.305700896,0.945788246,5.48721743,1.381280099,14.810543048,0,4.37277101,0.057445013,0.260709862,0.069756735,1.811475672,8.079856519,2.77527339,0.169312444,1.717672934,0.046213533,0.018384353,0,71
2024-09-21 12:00:00,0.985774695,0.38452375,1.019864882,5.80222542,1.398968994,13.173348073,0,4.4900791,0.106772666,0.415787669,0.120724474,2.150545153,6.373024545,3.33023695,0.106529257,2.011837968,0.056692429,0.033844795,0,71.5
2024-09-21 12:30:00,0.913589861,0.405773229,0.96102969,6.20722805,1.445269389,12.724133528,0,5.75029005,0.151129172,0.579328035,0.118572143,2.159415745,4.829035171,4.59850613,0.16257698,1.904407224,0.00542920400000002,0.00634194199999999,0,72
2024-09-21 13:00:00,1.243875708,0.414517102,1.144331989,6.7067028,1.485605864,13.774911497,0,7.65385149,0.219516941,0.60032911,0.209487779,2.606241941,4.352143841,5.19701927,0.196474988,2.174443835,0.049709733,0.00328875100000003,0,72.5
2024-09-21 13:30:00,1.1296537,0.403386127,1.130072034,6.20524364,1.380958319,12.026499806,0,8.81136108,0.125699073,0.598497282,0.126769749,2.625971817,2.532733073,4.21359672,0.152170099,2.105664564,0.007074412,0,0,73
2024-09-21 14:00:00,1.051398649,0.242230879,0.741050926,2.93336874,1.157022224,9.48336123,0,9.49828905,0.0336196759999999,0.306121604,0.07501207,2.205981513,1.553458569,3.29026571,0.0637072169999999,1.68358151,0.025360121,0.049473971,0.107506637,73.5
2024-09-21 14:30:00,1.219521446,0.227142652,0.855891423,2.77202682,1.106382231,9.16739453,0,7.38721892,0.131691038,0.325888141,0.18056952,2.247721861,1.804925861,2.81036106000001,0.10323192,1.726771869,0,0.032342841,0.14545885,74
2024-09-21 15:00:00,0.891582001,0.208998627,0.477547241,0.384201610000002,0.771944095,5.73526425,0,5.84067435,0.048298769,0.248972647,0.119753576,1.456644152,0.329968536,1.99995569999999,0.0742233259999999,1.228117154,0.03785927,0.030502592,0.0104980509999999,74.5
2024-09-21 15:30:00,0.761817865,0.258321798,0.321325271,0,0.6207644,3.61006121,0,4.55069039,0.0707527570000001,0.050796469,0.143098002,1.217553966,0,1.91053035,0.0879767929999999,0.952385026,0.00685022999999998,0.052682416,0.050966437,75
2024-09-21 16:00:00,0.772164544,0.100699811,0.220197773,0,0.0825249800000001,2.56052173,0,3.45825758,0.022277386,0.0789727539999998,0,0.989154188,0,1.5412725,0.091934101,0.738554174,0.015289323,0.058008983,0.0455596450000001,75.5
2024-09-21 16:30:00,0.372600937,0.319781813,0.014794207,0,0,1.17070685,0,4.28801409,0.041827931,0,0.144343115,0.0674294659999997,0,0.560406700000001,0.00137094999999998,0.272212815,0.008915636,0,0.077827084,76
2024-09-21 17:00:00,0.150509585,0.240453038,0,0,0,0.205633040000002,0,4.63873261,0,0.127942813,0,0,0,0.908410099999998,0.017398601,0,0,0.019497193,0,76.5
2024-09-21 17:30:00,0.343043199,0.071831036,0.0194420790000001,0,0.00778935900000022,2.24869712,0.243493171,2.53592124,0.007008458,0,0.026962406,0.369371995,0,1.24708767000001,0,0.395766392,0.00578318999999999,0.065153155,0,77
2024-09-21 18:00:00,0.570421353,0.027107054,0.339851419,0,0.128638567,2.95633553,0.0749872219999999,0.96129724,0.046003236,0,0,1.043690219,0,1.91541287,0,1.087997359,0.012891335,0.140204737,0.050569244,77.5
2024-09-21 18:30:00,0.304516067,0,0.385277068,0,0.116332766,1.45392653,1.055052316,0.383860470000002,0,0,0,0.637080885,0,1.29573959,0,0.570139147,0,0.122008554,0.16654037,78
2024-09-21 19:00:00,0.0687668590000001,0,0.177471592,0,0,0,0.753283152,0,0,0,0,0.130049694,0,2.25518046,0,0.108141777,0.009094714,0.19396553,0.127974653,78.5
2024-09-21 19:30:00,0,0,0,0,0.663564704,0,2.261847821,0.318445989999997,0,0,0,0,0,1.9186713,0,0,0.020083123,0.143203684,0.034568422,79
2024-09-21 20:00:00,0,0,0,0,0.874493237,0,2.267855049,0,0,0,0,0,0,0.464910889999999,0,0,0.072233356,0.183785419,0.031932275,79.5
2024-09-21 20:30:00,0,0,0,0,0.171911154,0,2.078207949,0,0,0,0.026490337,0,0,0.180389570000003,0,0,0.038937184,0.122869694,0.025688007,80
2024-09-21 21:00:00,0,0,0,0,0,0,1.40341158,0,0,0,0.0188875439999999,0,0,0,0,0,0.015619425,0.148083294,0.050521869,80.5
2024-09-21 21:30:00,0,0,0,0,0,0,0.822367724,0,0,0,0.018776512,0,0,0,0.011920212,0,0.00179496699999998,0.14820297,0.142431432,81
2024-09-21 22:00:00,0,0,0.475335172,0,0,0,1.714061267,0,0,0,0.043441168,0,0,0.499726600000002,0,0,0.105200009,0.187830806,0.069620451,81.5
2024-09-21 22:30:00,0.0128917350000001,0,0.0087592139999999,0,0,0,0.796187276,0,0.015607764,0,0,0,0,0,0,0,0,0.022012633,0,82
2024-09-21 23:00:00,0.00828652299999999,0,0.469791541,0,0,0,0.857195493,0,0,0,0.016858818,0,0.0369723619999998,0,0,0,0.049513384,0,0.037357022,82.5
2024-09-21 23:30:00,0.026172489,0.080202262,0.605178806,0,0.0556668619999998,0,0.80960297,0,0,0,0.034761992,0.0114743069999999,0.0535302670000002,0,0,0,0.087188373,0,0.162508439,83
2024-09-22,0.024769845,0,0.352597615,0,0.360772739,0.109971678,0.270335859999999,0,0,0,0.043932928,0,0.1431086,0,0.052088679,0.0142788650000001,0.039070656,0,0,83.5
2024-09-22 00:30:00,0.043576775,0,0.267094206,0,0,0.113839814,0,0,0,0.00723098,0,0,0.0222374240000001,0,0.046824995,0,0.00951870399999999,0,0,84
2024-09-22 01:00:00,0,0,0,0,0,0,0.255904377,0,0,0,0,0,0,0,0,0,0,0,0,84.5
2024-09-22 01:30:00,0.026040863,0,0,0,0,0,0.120096248999999,0,0,0,0.0122440619999999,0,0,0,0,0,0,0,0.175403925,85
2024-09-22 02:00:00,0,0,0.180796264,0,0.073387241,0,0,0.668938339999999,0,0.010727182,0.00684541800000005,0,0,0,0.014590406,0,0,0,0.109664345,85.5
2024-09-22 02:30:00,0,0,0.087055408,0,0.352420355,0.422647983,0,4.057811471,0.016931324,0.074549759,0,0.0212738610000001,0.0393319120000002,0.163788140000001,0,0.035785795,0,0,0.0230106409999999,86
2024-09-22 03:00:00,0,0,0.095977925,0,0.238356603,0.25166074,0.499324526,4.491967948,0,0.058929727,0,0,0.107245479,0,0,0,0,0,0,86.5
2024-09-22 03:30:00,0,0,0.01982415,0,0,0,0,0,0,0,0,0,0.009713788,0,0,0,0,0,0.014925702,87
2024-09-22 04:00:00,0,0,0,0,0,0,0,0,0,0,0.089870296,0,0,0,0.039069619,0,0.00865577599999998,0,0,87.5
2024-09-22 04:30:00,0,0,0,0,0,0,0,0,0.028815975,0,0.080009142,0,0,0,0,0,0,0.00866844299999997,0.00804283100000003,88
2024-09-22 05:00:00,0,0,0.050066347,0,0,0,0.462786621999999,0,0,0,0.045941997,0,0.0403758870000002,0,0,0,0.00281663300000001,0,0.129353639,88.5
2024-09-22 05:30:00,0,0,0.153860778,0,0.0194649360000001,0,0.687365959,1.670680881,0.013420107,0.0671711129999999,0,0,0,0,0,0,0,0,0.0775211349999999,89
2024-09-22 06:00:00,0,0,0.187466598,0,0.0107225200000001,0.09928669,0.613409484,1.753748308,0.01734278,0.027973707,0,0,0,0,0,0,0,0.014866339,0.0053422059999999,89.5
2024-09-22 06:30:00,0,0,0.169180859,0,0.148694096,0.181086563,1.118627584,1.645610056,0,0.036465236,0,0,0,0.812965009999999,0,0.0192989269999999,0,0,0,90
2024-09-22 07:00:00,0.00650558699999992,0,0.232361597,0,0.225395919,0.152998071,0,1.872805145,0.023173618,0.036361039,0,0,0.0379757619999999,0,0,0,0,0,0.0351012609999999,90.5
2024-09-22 07:30:00,0.00181562999999996,0.048423485,0.23227764,0,0.288050751,0.169219762,1.363210667,2.334005199,0.012398861,0.050907432,0.020667203,0.022098616,0.197130437,0.126438540000002,0.029128062,0,0.01849467,0.0358381820000001,0.031093722,91
2024-09-22 08:00:00,0,0,0.133321634,0,0.125166694,0.597089624,0.112846670000001,2.547023238,0.043865049,0.02681451,0.022541875,0,0.346154393,0.085450349999995,0.003989242,0,0,0,0,91.5
2024-09-22 09:00:00,0.042614405,0,0.208471529,0,0.412092128,1.321739773,0,4.762522171,0.027791362,0.120162264,0,0.049730429,0.606255375,0.37193104,0,0.000108702999999988,0,0,0,92.5
2024-09-22 09:30:00,0.061009572,0.114081232,0.222953808,1.362871697,0.455457676,2.063307954,0.748716183,3.9882598,0.050012101,0.0446322300000001,0,0.331201049,1.024150648,0.992679150000001,0.028549542,0.284431072,0,0.00999109799999998,0,93
2024-09-22 10:00:00,0.035840985,0.200733768,0.433394085,3.646377508,0.659712939,3.440300389,0.893785493,4.34946429,0.049071402,0.159182621,0.121273465,0.300653361,1.508450495,0.680345510000002,0.042493639,0.375511419,0,0.067991978,0.00513722399999994,93.5
2024-09-22 10:30:00,0.272334781,0.302840958,0.60003207,5.411547321,0.936809489,6.591847414,0.266456327,6.20268767,0.01555925,0.164183804,0.067696107,0.781177141,2.505118628,0.427580330000005,0.123643723,0.87471557,0,0.080901661,0,94
2024-09-22 11:00:00,0.42303299,0.29814449,0.730560112,5.374187908,0.74812154,13.692830145,0.197168434000001,5.69667007,0.109381288,0.202119343,0.00257170600000001,1.097921401,7.096307105,0,0.178698269,1.462046437,0.032814616,0.036028402,0,94.5
2024-09-22 11:30:00,0.494062932,0.448800094,0.708487677,5.479833995,1.129550863,9.494436552,0,4.72154896,0.074104937,0.440580607,0.0763437069999999,0.92158135,6.15765361,0,0.232340786,1.294011664,0.064155305,0.056398239,0,95
2024-09-22 12:00:00,0,0,0,0,0,0,0,0,0,0,0,0,0,0,0,0,0,0,0,95.5
2024-09-22 12:30:00,0,0,0,0,0,0,0,0,0,0,0,0,0,0,0,0,0,0,0,96
2024-09-22 13:00:00,0,0,0,0,0,0,0,0,0,0,0,0,0,0,0,0,0,0,0,96.5
2024-09-22 13:30:00,0,0,0,0,0,0,0,0,0,0,0,0,0,0,0,0,0,0,0,97
2024-09-22 14:00:00,0,0,0,0,0,0,0,0,0,0,0,0,0,0,0,0,0,0,0,97.5
2024-09-22 14:30:00,0,0,0,0,0,0,0,0,0,0,0,0,0,0,0,0,0,0,0,98
2024-09-22 15:00:00,0,0,0,0,0,0,0,0,0,0,0,0,0,0,0,0,0,0,0,98.5
2024-09-22 15:30:00,0,0,0,0,0,0,0,0,0,0,0,0,0,0,0,0,0,0,0,99
2024-09-22 16:00:00,0,0,0,0,0,0,0,0,0,0,0,0,0,0,0,0,0,0,0,99.5
2024-09-22 16:30:00,0,0,0,0,0,0,0,0,0,0,0,0,0,0,0,0,0,0,0,100
2024-09-22 17:00:00,0,0,0,0,0,0,0,0,0,0,0,0,0,0,0,0,0,0,0,100.5
2024-09-22 17:30:00,0,0,0,0,0,0,0,0,0,0,0,0,0,0,0,0,0,0,0,101
2024-09-22 18:00:00,0,0,0,0,0,0,0,0,0,0,0,0,0,0,0,0,0,0,0,101.5
2024-09-22 18:30:00,0,0,0,0,0,0,0,0,0,0,0,0,0,0,0,0,0,0,0,102
2024-09-22 19:00:00,0,0,0,0,0,0,0,0,0,0,0,0,0,0,0,0,0,0,0,102.5
2024-09-22 19:30:00,0,0,0,0,0,0,0,0,0,0,0,0,0,0,0,0,0,0,0,103
2024-09-22 20:00:00,0,0,0,0,0,0,0,0,0,0,0,0,0,0,0,0,0,0,0,103.5
2024-09-22 20:30:00,0,0,0,0,0,0,0,0,0,0,0,0,0,0,0,0,0,0,0,104
2024-09-22 21:00:00,0,0,0,0,0,0,0,0,0,0,0,0,0,0,0,0,0,0,0,104.5
2024-09-22 21:30:00,0,0,0,0,0,0,0,0,0,0,0,0,0,0,0,0,0,0,0,105
2024-09-22 22:00:00,0,0,0,0,0,0,0,0,0,0,0,0,0,0,0,0,0,0,0,105.5
2024-09-22 22:30:00,0,0,0,0,0,0,0,0,0,0,0,0,0,0,0,0,0,0,0,106
2024-09-22 23:00:00,0,0,0,0,0,0,0,0,0,0,0,0,0,0,0,0,0,0,0,106.5
2024-09-22 23:30:00,0,0,0,0,0,0,0,0,0,0,0,0,0,0,0,0,0,0,0,107
2024-09-23,0,0,0,0,0,0,0,0,0,0,0,0,0,0,0,0,0,0,0,107.5
2024-09-23 00:30:00,0,0,0,0,0,0,0,0,0,0,0,0,0,0,0,0,0,0,0,108
2024-09-23 01:00:00,0,0,0,0,0,0,0,0,0,0,0,0,0,0,0,0,0,0,0,108.5
2024-09-23 01:30:00,0,0,0,0,0,0,0,0,0,0,0,0,0,0,0,0,0,0,0,109
2024-09-23 02:00:00,0,0,0,0,0,0,0,0,0,0,0,0,0,0,0,0,0,0,0,109.5
2024-09-23 02:30:00,0,0,0,0,0,0,0,0,0,0,0,0,0,0,0,0,0,0,0,110
2024-09-23 03:00:00,0,0,0,0,0,0,0,0,0,0,0,0,0,0,0,0,0,0,0,110.5
2024-09-23 03:30:00,0,0,0,0,0,0,0,0,0,0,0,0,0,0,0,0,0,0,0,111
2024-09-23 04:00:00,0,0,0,0,0,0,0,0,0,0,0,0,0,0,0,0,0,0,0,111.5
2024-09-23 04:30:00,0,0,0,0,0,0,0,0,0,0,0,0,0,0,0,0,0,0,0,112
2024-09-23 05:00:00,0,0,0,0,0,0,0,0,0,0,0,0,0,0,0,0,0,0,0,112.5
2024-09-23 05:30:00,0,0,0,0,0,0,0,0,0,0,0,0,0,0,0,0,0,0,0,113
2024-09-23 06:00:00,0,0,0,0,0,0,0,0,0,0,0,0,0,0,0,0,0,0,0,113.5
2024-09-23 06:30:00,0,0,0,0,0,0,0,0,0,0,0,0,0,0,0,0,0,0,0,114
2024-09-23 07:00:00,0,0,0,0,0,0,0,0,0,0,0,0,0,0,0,0,0,0,0,114.5
2024-09-23 07:30:00,0,0,0,0,0,0,0,0,0,0,0,0,0,0,0,0,0,0,0,115
2024-09-23 08:00:00,0,0,0,0,0,0,0,0,0,0,0,0,0,0,0,0,0,0,0,115.5
2024-09-23 08:30:00,0,0,0,0,0,0,0,0,0,0,0,0,0,0,0,0,0,0,0,116
2024-09-23 09:00:00,0,0,0,0,0,0,0,0,0,0,0,0,0,0,0,0,0,0,0,116.5
2024-09-23 09:30:00,0,0,0,0,0,0,0,0,0,0,0,0,0,0,0,0,0,0,0,117
2024-09-23 10:00:00,0,0,0,0,0,0,0,0,0,0,0,0,0,0,0,0,0,0,0,117.5
2024-09-23 10:30:00,0,0,0,0,0,0,0,0,0,0,0,0,0,0,0,0,0,0,0,118
2024-09-23 11:00:00,0,0,0,0,0,0,0,0,0,0,0,0,0,0,0,0,0,0,0,118.5
2024-09-23 11:30:00,0,0,0,0,0,0,0,0,0,0,0,0,0,0,0,0,0,0,0,119
2024-09-23 12:00:00,0,0,0,0,0,0,0,0,0,0,0,0,0,0,0,0,0,0,0,119.5
