"elapsed.time","NH3.bg","valve","NH3.DFC","date.time","days","treatment","group","NH3_corr"
0,151.518024471333,1,2048.1922553,2024-09-18 11:08:37.436,0,"Mp","Machine plot",1896.67423082867
0,151.518024471333,2,806.34534711,2024-09-18 11:16:37.589,0,"0-bp","No acid",654.827322638667
0,151.518024471333,3,288.1025513,2024-09-18 11:24:36.72,0,"1.5","Low acid",136.584526828667
0,151.518024471333,4,87.225539011,2024-09-18 11:32:36.451,0,"2.9","Medium acid",-64.2924854603333
0,151.518024471333,6,993.72420602,2024-09-18 11:48:36.073,0,"0-bp","No acid",842.206181548667
0,151.518024471333,7,106.17574274,2024-09-18 11:56:36.457,0,"5.7","High acid",-45.3422817313333
0,151.518024471333,8,639.73204986,2024-09-18 12:04:35.907,0,"Mp","Machine plot",488.214025388667
0,151.518024471333,10,329.32607484,2024-09-18 12:20:34.747,0,"1.5","Low acid",177.808050368667
0,151.518024471333,11,101.1906571,2024-09-18 12:28:34.845,0,"2.9","Medium acid",-50.3273673713333
0,151.518024471333,12,241.75574012,2024-09-18 12:36:35.023,0,"Mp","Machine plot",90.2377156486667
0,151.518024471333,13,128.5029879,2024-09-18 12:44:35.145,0,"5.7","High acid",-23.0150365713333
0,151.518024471333,14,346.92445046,2024-09-18 12:52:34.015,0,"0-bp","No acid",195.406425988667
0,151.518024471333,15,183.93262699,2024-09-18 13:00:34.483,0,"1.5","Low acid",32.4146025186667
0,151.518024471333,17,113.00303976,2024-09-18 13:16:32.828,0,"2.9","Medium acid",-38.5149847113333
0,151.518024471333,18,253.67909113,2024-09-18 13:24:33.796,0,"Mp","Machine plot",102.161066658667
0,151.518024471333,19,105.14596199,2024-09-18 13:32:32.934,0,"5.7","High acid",-46.3720624813333
3,115.906389603333,1,423.29765148,2024-09-18 13:40:33.131,0.125,"Mp","Machine plot",307.391261876667
3,115.906389603333,2,191.81484225,2024-09-18 13:48:32.854,0.125,"0-bp","No acid",75.9084526466667
3,115.906389603333,3,149.1199882,2024-09-18 13:56:32.312,0.125,"1.5","Low acid",33.2135985966667
3,115.906389603333,4,132.31226825,2024-09-18 14:04:31.532,0.125,"2.9","Medium acid",16.4058786466667
3,115.906389603333,6,163.37456695,2024-09-18 14:20:31.517,0.125,"0-bp","No acid",47.4681773466667
3,115.906389603333,7,118.23347612,2024-09-18 14:28:32.055,0.125,"5.7","High acid",2.32708651666667
3,115.906389603333,8,337.75692719,2024-09-18 14:36:31.02,0.125,"Mp","Machine plot",221.850537586667
3,115.906389603333,10,152.95363819,2024-09-18 14:52:30.598,0.125,"1.5","Low acid",37.0472485866667
3,115.906389603333,11,128.97985937,2024-09-18 15:00:30.825,0.125,"2.9","Medium acid",13.0734697666667
3,115.906389603333,12,192.0743106,2024-09-18 15:08:30.552,0.125,"Mp","Machine plot",76.1679209966667
3,115.906389603333,13,142.1292318,2024-09-18 15:16:29.953,0.125,"5.7","High acid",26.2228421966667
3,115.906389603333,14,156.96900117,2024-09-18 15:24:30.092,0.125,"0-bp","No acid",41.0626115666667
3,115.906389603333,15,163.61769222,2024-09-18 15:32:29.088,0.125,"1.5","Low acid",47.7113026166667
3,115.906389603333,17,144.71907029,2024-09-18 15:48:28.897,0.125,"2.9","Medium acid",28.8126806866667
3,115.906389603333,18,209.08151955,2024-09-18 15:56:28.674,0.125,"Mp","Machine plot",93.1751299466667
3,115.906389603333,19,117.07327758,2024-09-18 16:04:28.487,0.125,"5.7","High acid",1.16688797666666
5,67.7758860843333,1,239.741852,2024-09-18 16:12:28.355,0.208333333333333,"Mp","Machine plot",171.965965915667
5,67.7758860843333,2,111.51546759,2024-09-18 16:20:27.503,0.208333333333333,"0-bp","No acid",43.7395815056667
5,67.7758860843333,3,95.377343075,2024-09-18 16:28:26.789,0.208333333333333,"1.5","Low acid",27.6014569906667
5,67.7758860843333,4,77.277748911,2024-09-18 16:36:27.334,0.208333333333333,"2.9","Medium acid",9.50186282666667
5,67.7758860843333,6,89.606622118,2024-09-18 16:52:26.502,0.208333333333333,"0-bp","No acid",21.8307360336667
5,67.7758860843333,7,68.406434137,2024-09-18 17:00:26.779,0.208333333333333,"5.7","High acid",0.630548052666668
5,67.7758860843333,8,169.82640898,2024-09-18 17:08:26.446,0.208333333333333,"Mp","Machine plot",102.050522895667
5,67.7758860843333,10,102.0316642,2024-09-18 17:24:25.601,0.208333333333333,"1.5","Low acid",34.2557781156667
5,67.7758860843333,11,84.155139019,2024-09-18 17:32:25.48,0.208333333333333,"2.9","Medium acid",16.3792529346667
5,67.7758860843333,12,109.21060093,2024-09-18 17:40:25.385,0.208333333333333,"Mp","Machine plot",41.4347148456667
5,67.7758860843333,13,87.58757451,2024-09-18 17:48:24.651,0.208333333333333,"5.7","High acid",19.8116884256667
5,67.7758860843333,14,90.342663263,2024-09-18 17:56:24.71,0.208333333333333,"0-bp","No acid",22.5667771786667
5,67.7758860843333,15,87.340030217,2024-09-18 18:04:25.213,0.208333333333333,"1.5","Low acid",19.5641441326667
5,67.7758860843333,17,82.456121427,2024-09-18 18:20:24.732,0.208333333333333,"2.9","Medium acid",14.6802353426667
5,67.7758860843333,18,102.00203861,2024-09-18 18:28:23.69,0.208333333333333,"Mp","Machine plot",34.2261525256667
5,67.7758860843333,19,70.7129284,2024-09-18 18:36:23.516,0.208333333333333,"5.7","High acid",2.93704231566666
8,46.730156557,1,112.20473464,2024-09-18 18:44:23.382,0.333333333333333,"Mp","Machine plot",65.474578083
8,46.730156557,2,52.151987922,2024-09-18 18:52:23.835,0.333333333333333,"0-bp","No acid",5.421831365
8,46.730156557,3,51.216285139,2024-09-18 19:00:22.348,0.333333333333333,"1.5","Low acid",4.486128582
8,46.730156557,4,39.43954988,2024-09-18 19:08:23.061,0.333333333333333,"2.9","Medium acid",-7.290606677
8,46.730156557,6,50.157860385,2024-09-18 19:24:22.036,0.333333333333333,"0-bp","No acid",3.427703828
8,46.730156557,7,35.602964041,2024-09-18 19:32:22.052,0.333333333333333,"5.7","High acid",-11.127192516
8,46.730156557,8,71.847473734,2024-09-18 19:40:21.049,0.333333333333333,"Mp","Machine plot",25.117317177
8,46.730156557,10,61.601086347,2024-09-18 19:56:20.836,0.333333333333333,"1.5","Low acid",14.87092979
8,46.730156557,11,53.897410984,2024-09-18 20:04:21.443,0.333333333333333,"2.9","Medium acid",7.167254427
8,46.730156557,12,67.569692314,2024-09-18 20:12:20.479,0.333333333333333,"Mp","Machine plot",20.839535757
8,46.730156557,13,59.741805679,2024-09-18 20:20:20.207,0.333333333333333,"5.7","High acid",13.011649122
8,46.730156557,14,60.68020535,2024-09-18 20:28:20.134,0.333333333333333,"0-bp","No acid",13.950048793
8,46.730156557,15,60.109705377,2024-09-18 20:36:20.621,0.333333333333333,"1.5","Low acid",13.37954882
8,46.730156557,17,61.471921991,2024-09-18 20:52:19.943,0.333333333333333,"2.9","Medium acid",14.741765434
8,46.730156557,18,74.68148489,2024-09-18 21:00:19.404,0.333333333333333,"Mp","Machine plot",27.951328333
8,46.730156557,19,53.509404306,2024-09-18 21:08:18.973,0.333333333333333,"5.7","High acid",6.779247749
10,56.1161316126667,1,75.011632895,2024-09-18 21:16:17.75,0.416666666666667,"Mp","Machine plot",18.8955012823333
10,56.1161316126667,2,38.210117199,2024-09-18 21:24:17.618,0.416666666666667,"0-bp","No acid",-17.9060144136667
10,56.1161316126667,3,39.114467916,2024-09-18 21:32:17.578,0.416666666666667,"1.5","Low acid",-17.0016636966667
10,56.1161316126667,4,30.266643032,2024-09-18 21:40:18.023,0.416666666666667,"2.9","Medium acid",-25.8494885806667
10,56.1161316126667,6,43.665442202,2024-09-18 21:56:17.691,0.416666666666667,"0-bp","No acid",-12.4506894106667
10,56.1161316126667,7,28.686012629,2024-09-18 22:04:16.194,0.416666666666667,"5.7","High acid",-27.4301189836667
10,56.1161316126667,8,58.725533894,2024-09-18 22:12:16.487,0.416666666666667,"Mp","Machine plot",2.60940228133334
10,56.1161316126667,10,51.591576913,2024-09-18 22:28:16.253,0.416666666666667,"1.5","Low acid",-4.52455469966667
10,56.1161316126667,11,44.790832271,2024-09-18 22:36:16.186,0.416666666666667,"2.9","Medium acid",-11.3252993416667
10,56.1161316126667,12,55.845582802,2024-09-18 22:44:16.184,0.416666666666667,"Mp","Machine plot",-0.270548810666661
10,56.1161316126667,13,50.208457989,2024-09-18 22:52:16.18,0.416666666666667,"5.7","High acid",-5.90767362366666
10,56.1161316126667,14,50.212406656,2024-09-18 23:00:15.252,0.416666666666667,"0-bp","No acid",-5.90372495666666
10,56.1161316126667,15,49.318728083,2024-09-18 23:08:15.286,0.416666666666667,"1.5","Low acid",-6.79740352966666
10,56.1161316126667,17,51.516825576,2024-09-18 23:24:14.21,0.416666666666667,"2.9","Medium acid",-4.59930603666666
10,56.1161316126667,18,63.920490261,2024-09-18 23:32:14.115,0.416666666666667,"Mp","Machine plot",7.80435864833333
10,56.1161316126667,19,45.478193214,2024-09-18 23:40:14.122,0.416666666666667,"5.7","High acid",-10.6379383986667
13,37.742122736,1,61.583228622,2024-09-18 23:48:13.994,0.541666666666667,"Mp","Machine plot",23.841105886
13,37.742122736,2,30.771453565,2024-09-18 23:56:14.401,0.541666666666667,"0-bp","No acid",-6.970669171
13,37.742122736,3,33.344414478,2024-09-19 00:04:12.805,0.541666666666667,"1.5","Low acid",-4.397708258
13,37.742122736,4,25.262797053,2024-09-19 00:12:13.417,0.541666666666667,"2.9","Medium acid",-12.479325683
13,37.742122736,6,35.380563345,2024-09-19 00:28:11.526,0.541666666666667,"0-bp","No acid",-2.361559391
13,37.742122736,7,25.266160536,2024-09-19 00:36:12.334,0.541666666666667,"5.7","High acid",-12.4759622
13,37.742122736,8,55.403609634,2024-09-19 00:44:12.367,0.541666666666667,"Mp","Machine plot",17.661486898
13,37.742122736,10,48.384655103,2024-09-19 01:00:11.302,0.541666666666667,"1.5","Low acid",10.642532367
13,37.742122736,11,42.049868242,2024-09-19 01:08:10.164,0.541666666666667,"2.9","Medium acid",4.307745506
13,37.742122736,12,57.324760202,2024-09-19 01:16:10.696,0.541666666666667,"Mp","Machine plot",19.582637466
13,37.742122736,13,46.970808999,2024-09-19 01:24:10.293,0.541666666666667,"5.7","High acid",9.228686263
13,37.742122736,14,48.753707981,2024-09-19 01:32:09.938,0.541666666666667,"0-bp","No acid",11.011585245
13,37.742122736,15,46.702463224,2024-09-19 01:40:09.726,0.541666666666667,"1.5","Low acid",8.960340488
13,37.742122736,17,49.453877589,2024-09-19 01:56:09.687,0.541666666666667,"2.9","Medium acid",11.711754853
13,37.742122736,18,64.153295932,2024-09-19 02:04:09.302,0.541666666666667,"Mp","Machine plot",26.411173196
13,37.742122736,19,45.153101425,2024-09-19 02:12:08.927,0.541666666666667,"5.7","High acid",7.410978689
15,34.7120482876667,1,59.685377292,2024-09-19 02:20:08.581,0.625,"Mp","Machine plot",24.9733290043333
15,34.7120482876667,2,31.708657799,2024-09-19 02:28:08.477,0.625,"0-bp","No acid",-3.00339048866667
15,34.7120482876667,3,34.66672562,2024-09-19 02:36:08.453,0.625,"1.5","Low acid",-0.0453226676666674
15,34.7120482876667,4,27.173758178,2024-09-19 02:44:08.148,0.625,"2.9","Medium acid",-7.53829010966667
15,34.7120482876667,6,40.278857339,2024-09-19 03:00:06.562,0.625,"0-bp","No acid",5.56680905133333
15,34.7120482876667,7,25.150974784,2024-09-19 03:08:07.999,0.625,"5.7","High acid",-9.56107350366667
15,34.7120482876667,8,53.951099127,2024-09-19 03:16:06.838,0.625,"Mp","Machine plot",19.2390508393333
15,34.7120482876667,10,48.454371093,2024-09-19 03:32:06.282,0.625,"1.5","Low acid",13.7423228053333
15,34.7120482876667,11,41.159211359,2024-09-19 03:40:05.941,0.625,"2.9","Medium acid",6.44716307133333
15,34.7120482876667,12,55.317611026,2024-09-19 03:48:06.296,0.625,"Mp","Machine plot",20.6055627383333
15,34.7120482876667,13,45.462754534,2024-09-19 03:56:05.753,0.625,"5.7","High acid",10.7507062463333
15,34.7120482876667,14,47.561921841,2024-09-19 04:04:05.256,0.625,"0-bp","No acid",12.8498735533333
15,34.7120482876667,15,44.698578982,2024-09-19 04:12:05.648,0.625,"1.5","Low acid",9.98653069433333
15,34.7120482876667,17,48.066339639,2024-09-19 04:28:04.657,0.625,"2.9","Medium acid",13.3542913513333
15,34.7120482876667,18,59.712381494,2024-09-19 04:36:04.197,0.625,"Mp","Machine plot",25.0003332063333
15,34.7120482876667,19,43.429522757,2024-09-19 04:44:04.484,0.625,"5.7","High acid",8.71747446933333
18,35.077111938,1,53.200387509,2024-09-19 04:52:03.881,0.75,"Mp","Machine plot",18.123275571
18,35.077111938,2,30.412298948,2024-09-19 05:00:03.703,0.75,"0-bp","No acid",-4.66481299
18,35.077111938,3,33.503576565,2024-09-19 05:08:03.5,0.75,"1.5","Low acid",-1.573535373
18,35.077111938,4,25.475301287,2024-09-19 05:16:03.107,0.75,"2.9","Medium acid",-9.601810651
18,35.077111938,6,38.180637871,2024-09-19 05:32:01.539,0.75,"0-bp","No acid",3.103525933
18,35.077111938,7,25.424521694,2024-09-19 05:40:03.086,0.75,"5.7","High acid",-9.652590244
18,35.077111938,8,47.146170747,2024-09-19 05:48:02.872,0.75,"Mp","Machine plot",12.069058809
18,35.077111938,10,49.180481998,2024-09-19 06:04:01.203,0.75,"1.5","Low acid",14.10337006
18,35.077111938,11,43.109362275,2024-09-19 06:12:01.466,0.75,"2.9","Medium acid",8.032250337
18,35.077111938,12,55.781652111,2024-09-19 06:20:00.036,0.75,"Mp","Machine plot",20.704540173
18,35.077111938,13,49.02866743,2024-09-19 06:28:01.332,0.75,"5.7","High acid",13.951555492
18,35.077111938,14,50.842640285,2024-09-19 06:36:00.845,0.75,"0-bp","No acid",15.765528347
18,35.077111938,15,49.613913292,2024-09-19 06:44:00.18,0.75,"1.5","Low acid",14.536801354
18,35.077111938,17,54.190195523,2024-09-19 06:59:59.259,0.75,"2.9","Medium acid",19.113083585
18,35.077111938,18,64.675428684,2024-09-19 07:07:59.694,0.75,"Mp","Machine plot",29.598316746
18,35.077111938,19,50.832947711,2024-09-19 07:16:00.032,0.75,"5.7","High acid",15.755835773
20,63.673471939,1,59.555485732,2024-09-19 07:23:58.552,0.833333333333333,"Mp","Machine plot",-4.117986207
20,63.673471939,2,37.7492156,2024-09-19 07:31:59.046,0.833333333333333,"0-bp","No acid",-25.924256339
20,63.673471939,3,42.484546369,2024-09-19 07:39:58.842,0.833333333333333,"1.5","Low acid",-21.18892557
20,63.673471939,4,35.761163935,2024-09-19 07:47:58.345,0.833333333333333,"2.9","Medium acid",-27.912308004
20,63.673471939,6,60.252446317,2024-09-19 08:03:58.299,0.833333333333333,"0-bp","No acid",-3.421025622
20,63.673471939,7,47.75127394,2024-09-19 08:11:57.891,0.833333333333333,"5.7","High acid",-15.922197999
20,63.673471939,8,105.09613786,2024-09-19 08:19:57.638,0.833333333333333,"Mp","Machine plot",41.422665921
20,63.673471939,10,98.720917321,2024-09-19 08:35:56.858,0.833333333333333,"1.5","Low acid",35.047445382
20,63.673471939,11,83.34607858,2024-09-19 08:43:56.275,0.833333333333333,"2.9","Medium acid",19.672606641
20,63.673471939,12,146.64829899,2024-09-19 08:51:56.601,0.833333333333333,"Mp","Machine plot",82.974827051
20,63.673471939,13,109.50100202,2024-09-19 08:59:56.006,0.833333333333333,"5.7","High acid",45.827530081
20,63.673471939,14,126.69738651,2024-09-19 09:07:55.295,0.833333333333333,"0-bp","No acid",63.023914571
20,63.673471939,15,117.68611779,2024-09-19 09:15:55.469,0.833333333333333,"1.5","Low acid",54.012645851
20,63.673471939,17,123.66536964,2024-09-19 09:31:55.773,0.833333333333333,"2.9","Medium acid",59.991897701
20,63.673471939,18,156.1843132,2024-09-19 09:39:55.007,0.833333333333333,"Mp","Machine plot",92.510841261
20,63.673471939,19,118.99873268,2024-09-19 09:47:55.232,0.833333333333333,"5.7","High acid",55.325260741
23,100.360761508333,1,150.89321339,2024-09-19 09:55:54.671,0.958333333333333,"Mp","Machine plot",50.5324518816667
23,100.360761508333,2,106.80360952,2024-09-19 10:03:54.648,0.958333333333333,"0-bp","No acid",6.44284801166667
23,100.360761508333,3,101.29543044,2024-09-19 10:11:54.586,0.958333333333333,"1.5","Low acid",0.934668931666678
23,100.360761508333,4,94.639609208,2024-09-19 10:19:54.812,0.958333333333333,"2.9","Medium acid",-5.72115230033333
23,100.360761508333,6,98.456289778,2024-09-19 10:35:54.658,0.958333333333333,"0-bp","No acid",-1.90447173033333
23,100.360761508333,7,102.33440468,2024-09-19 10:43:54.213,0.958333333333333,"5.7","High acid",1.97364317166668
23,100.360761508333,8,181.63419567,2024-09-19 10:51:54.566,0.958333333333333,"Mp","Machine plot",81.2734341616667
23,100.360761508333,10,146.05110817,2024-09-19 11:07:53.888,0.958333333333333,"1.5","Low acid",45.6903466616667
23,100.360761508333,11,135.1597188,2024-09-19 11:15:52.344,0.958333333333333,"2.9","Medium acid",34.7989572916667
23,100.360761508333,12,187.59245168,2024-09-19 11:23:53.528,0.958333333333333,"Mp","Machine plot",87.2316901716667
23,100.360761508333,13,164.33452556,2024-09-19 11:31:52.111,0.958333333333333,"5.7","High acid",63.9737640516667
23,100.360761508333,14,155.47942757,2024-09-19 11:39:52.64,0.958333333333333,"0-bp","No acid",55.1186660616667
23,100.360761508333,15,174.37525639,2024-09-19 11:47:52.151,0.958333333333333,"1.5","Low acid",74.0144948816667
23,100.360761508333,17,173.55155916,2024-09-19 12:03:51.851,0.958333333333333,"2.9","Medium acid",73.1907976516667
23,100.360761508333,18,224.40898325,2024-09-19 12:11:52.138,0.958333333333333,"Mp","Machine plot",124.048221741667
23,100.360761508333,19,163.0992442,2024-09-19 12:19:52.578,0.958333333333333,"5.7","High acid",62.7384826916667
25,115.501356475667,1,183.75746992,2024-09-19 12:27:51.326,1.04166666666667,"Mp","Machine plot",68.2561134443333
25,115.501356475667,2,109.3796079,2024-09-19 12:35:52.069,1.04166666666667,"0-bp","No acid",-6.12174857566667
25,115.501356475667,3,112.33116172,2024-09-19 12:43:50.977,1.04166666666667,"1.5","Low acid",-3.17019475566667
25,115.501356475667,4,103.00829973,2024-09-19 12:51:51.364,1.04166666666667,"2.9","Medium acid",-12.4930567456667
25,115.501356475667,6,97.144623491,2024-09-19 13:07:51.408,1.04166666666667,"0-bp","No acid",-18.3567329846667
25,115.501356475667,7,99.621763889,2024-09-19 13:15:51.02,1.04166666666667,"5.7","High acid",-15.8795925866667
25,115.501356475667,8,215.3755314,2024-09-19 13:23:50.612,1.04166666666667,"Mp","Machine plot",99.8741749243333
25,115.501356475667,10,180.46460781,2024-09-19 13:39:49.779,1.04166666666667,"1.5","Low acid",64.9632513343333
25,115.501356475667,11,171.1673689,2024-09-19 13:47:49.996,1.04166666666667,"2.9","Medium acid",55.6660124243333
25,115.501356475667,12,232.68373602,2024-09-19 13:55:50.22,1.04166666666667,"Mp","Machine plot",117.182379544333
25,115.501356475667,13,190.73822979,2024-09-19 14:03:50.384,1.04166666666667,"5.7","High acid",75.2368733143333
25,115.501356475667,14,173.3495582,2024-09-19 14:11:50.671,1.04166666666667,"0-bp","No acid",57.8482017243333
25,115.501356475667,15,183.73818003,2024-09-19 14:19:49.934,1.04166666666667,"1.5","Low acid",68.2368235543333
25,115.501356475667,17,182.30278995,2024-09-19 14:35:49.368,1.04166666666667,"2.9","Medium acid",66.8014334743333
25,115.501356475667,18,231.42527779,2024-09-19 14:43:49.448,1.04166666666667,"Mp","Machine plot",115.923921314333
25,115.501356475667,19,163.11302658,2024-09-19 14:51:49.552,1.04166666666667,"5.7","High acid",47.6116701043333
28,76.76750531,1,182.42395513,2024-09-19 14:59:49.091,1.16666666666667,"Mp","Machine plot",105.65644982
28,76.76750531,2,86.381074553,2024-09-19 15:07:48.805,1.16666666666667,"0-bp","No acid",9.613569243
28,76.76750531,3,91.719504457,2024-09-19 15:15:49.338,1.16666666666667,"1.5","Low acid",14.951999147
28,76.76750531,4,78.404991844,2024-09-19 15:23:48.576,1.16666666666667,"2.9","Medium acid",1.63748653399999
28,76.76750531,6,74.758192403,2024-09-19 15:39:48.368,1.16666666666667,"0-bp","No acid",-2.00931290700001
28,76.76750531,7,83.613402499,2024-09-19 15:47:48.714,1.16666666666667,"5.7","High acid",6.845897189
28,76.76750531,8,191.58438361,2024-09-19 15:55:48.177,1.16666666666667,"Mp","Machine plot",114.8168783
28,76.76750531,10,148.96871503,2024-09-19 16:11:48.036,1.16666666666667,"1.5","Low acid",72.20120972
28,76.76750531,11,123.70534529,2024-09-19 16:19:48.282,1.16666666666667,"2.9","Medium acid",46.93783998
28,76.76750531,12,174.41864757,2024-09-19 16:27:47.539,1.16666666666667,"Mp","Machine plot",97.65114226
28,76.76750531,13,129.20543587,2024-09-19 16:35:46.828,1.16666666666667,"5.7","High acid",52.43793056
28,76.76750531,14,117.21458259,2024-09-19 16:43:47.917,1.16666666666667,"0-bp","No acid",40.44707728
28,76.76750531,15,119.99901949,2024-09-19 16:51:47.145,1.16666666666667,"1.5","Low acid",43.23151418
28,76.76750531,17,118.61755128,2024-09-19 17:07:45.69,1.16666666666667,"2.9","Medium acid",41.85004597
28,76.76750531,18,137.90935091,2024-09-19 17:15:45.904,1.16666666666667,"Mp","Machine plot",61.1418456
28,76.76750531,19,98.87502596,2024-09-19 17:23:46.125,1.16666666666667,"5.7","High acid",22.10752065
30,44.5233549126667,1,98.454139622,2024-09-19 17:31:45.686,1.25,"Mp","Machine plot",53.9307847093333
30,44.5233549126667,2,47.391409047,2024-09-19 17:39:45.45,1.25,"0-bp","No acid",2.86805413433333
30,44.5233549126667,3,49.801468213,2024-09-19 17:47:45.134,1.25,"1.5","Low acid",5.27811330033333
30,44.5233549126667,4,40.360084607,2024-09-19 17:55:45.43,1.25,"2.9","Medium acid",-4.16327030566667
30,44.5233549126667,6,42.809142888,2024-09-19 18:11:44.351,1.25,"0-bp","No acid",-1.71421202466667
30,44.5233549126667,7,35.949841003,2024-09-19 18:19:43.946,1.25,"5.7","High acid",-8.57351390966667
30,44.5233549126667,8,74.845981562,2024-09-19 18:27:43.503,1.25,"Mp","Machine plot",30.3226266493333
30,44.5233549126667,10,70.948567219,2024-09-19 18:43:43.421,1.25,"1.5","Low acid",26.4252123063333
30,44.5233549126667,11,61.138053648,2024-09-19 18:51:42.769,1.25,"2.9","Medium acid",16.6146987353333
30,44.5233549126667,12,77.670627799,2024-09-19 18:59:42.095,1.25,"Mp","Machine plot",33.1472728863333
30,44.5233549126667,13,65.612856043,2024-09-19 19:07:41.381,1.25,"5.7","High acid",21.0895011303333
30,44.5233549126667,14,62.729509264,2024-09-19 19:15:42.506,1.25,"0-bp","No acid",18.2061543513333
30,44.5233549126667,15,64.078232416,2024-09-19 19:23:40.96,1.25,"1.5","Low acid",19.5548775033333
30,44.5233549126667,17,65.963187622,2024-09-19 19:39:40.516,1.25,"2.9","Medium acid",21.4398327093333
30,44.5233549126667,18,76.465446104,2024-09-19 19:47:41.611,1.25,"Mp","Machine plot",31.9420911913333
30,44.5233549126667,19,58.690231478,2024-09-19 19:55:40.927,1.25,"5.7","High acid",14.1668765653333
33,35.8358431336667,1,55.681749847,2024-09-19 20:03:40.532,1.375,"Mp","Machine plot",19.8459067133333
33,35.8358431336667,2,29.826087434,2024-09-19 20:11:40.401,1.375,"0-bp","No acid",-6.00975569966666
33,35.8358431336667,3,33.920947606,2024-09-19 20:19:40.148,1.375,"1.5","Low acid",-1.91489552766667
33,35.8358431336667,4,25.62243441,2024-09-19 20:27:39.697,1.375,"2.9","Medium acid",-10.2134087236667
33,35.8358431336667,6,29.992562734,2024-09-19 20:43:39.671,1.375,"0-bp","No acid",-5.84328039966666
33,35.8358431336667,7,24.013105208,2024-09-19 20:51:39.217,1.375,"5.7","High acid",-11.8227379256667
33,35.8358431336667,8,38.745213987,2024-09-19 20:59:38.763,1.375,"Mp","Machine plot",2.90937085333334
33,35.8358431336667,10,51.934852611,2024-09-19 21:15:37.95,1.375,"1.5","Low acid",16.0990094773333
33,35.8358431336667,11,46.800932004,2024-09-19 21:23:38.118,1.375,"2.9","Medium acid",10.9650888703333
33,35.8358431336667,12,55.934260619,2024-09-19 21:31:38.381,1.375,"Mp","Machine plot",20.0984174853333
33,35.8358431336667,13,52.95627525,2024-09-19 21:39:37.7,1.375,"5.7","High acid",17.1204321163333
33,35.8358431336667,14,49.825260667,2024-09-19 21:47:37.187,1.375,"0-bp","No acid",13.9894175333333
33,35.8358431336667,15,52.023716366,2024-09-19 21:55:37.466,1.375,"1.5","Low acid",16.1878732323333
33,35.8358431336667,17,55.558685141,2024-09-19 22:11:36.319,1.375,"2.9","Medium acid",19.7228420073333
33,35.8358431336667,18,65.813756971,2024-09-19 22:19:36.571,1.375,"Mp","Machine plot",29.9779138373333
33,35.8358431336667,19,49.87712747,2024-09-19 22:27:36.023,1.375,"5.7","High acid",14.0412843363333
35,33.754544017,1,47.130061467,2024-09-19 22:35:36.515,1.45833333333333,"Mp","Machine plot",13.37551745
35,33.754544017,2,24.87451252,2024-09-19 22:43:36.217,1.45833333333333,"0-bp","No acid",-8.880031497
35,33.754544017,3,28.987316832,2024-09-19 22:51:35.354,1.45833333333333,"1.5","Low acid",-4.767227185
35,33.754544017,4,20.936132187,2024-09-19 22:59:35.759,1.45833333333333,"2.9","Medium acid",-12.81841183
35,33.754544017,6,28.795953807,2024-09-19 23:15:34.694,1.45833333333333,"0-bp","No acid",-4.95859021
35,33.754544017,7,22.55832801,2024-09-19 23:23:34.359,1.45833333333333,"5.7","High acid",-11.196216007
35,33.754544017,8,45.830689651,2024-09-19 23:31:33.861,1.45833333333333,"Mp","Machine plot",12.076145634
35,33.754544017,10,47.351998788,2024-09-19 23:47:33.839,1.45833333333333,"1.5","Low acid",13.597454771
35,33.754544017,11,42.666668066,2024-09-19 23:55:33.329,1.45833333333333,"2.9","Medium acid",8.912124049
35,33.754544017,12,54.593253731,2024-09-20 00:03:32.7,1.45833333333333,"Mp","Machine plot",20.838709714
35,33.754544017,13,48.443548774,2024-09-20 00:11:32.088,1.45833333333333,"5.7","High acid",14.689004757
35,33.754544017,14,46.785914378,2024-09-20 00:19:32.349,1.45833333333333,"0-bp","No acid",13.031370361
35,33.754544017,15,48.184664478,2024-09-20 00:27:31.782,1.45833333333333,"1.5","Low acid",14.430120461
35,33.754544017,17,52.261511954,2024-09-20 00:43:31.512,1.45833333333333,"2.9","Medium acid",18.506967937
35,33.754544017,18,60.84411562,2024-09-20 00:51:30.888,1.45833333333333,"Mp","Machine plot",27.089571603
35,33.754544017,19,47.85370371,2024-09-20 00:59:31.269,1.45833333333333,"5.7","High acid",14.099159693
38,33.8509197063333,1,47.570015289,2024-09-20 01:07:30.911,1.58333333333333,"Mp","Machine plot",13.7190955826667
38,33.8509197063333,2,25.222970069,2024-09-20 01:15:31.516,1.58333333333333,"0-bp","No acid",-8.62794963733334
38,33.8509197063333,3,29.251915893,2024-09-20 01:23:30.46,1.58333333333333,"1.5","Low acid",-4.59900381333334
38,33.8509197063333,4,21.579439592,2024-09-20 01:31:30.056,1.58333333333333,"2.9","Medium acid",-12.2714801143333
38,33.8509197063333,6,30.064291733,2024-09-20 01:47:30.045,1.58333333333333,"0-bp","No acid",-3.78662797333334
38,33.8509197063333,7,21.163767293,2024-09-20 01:55:28.69,1.58333333333333,"5.7","High acid",-12.6871524133333
38,33.8509197063333,8,43.409536371,2024-09-20 02:03:29.345,1.58333333333333,"Mp","Machine plot",9.55861666466667
38,33.8509197063333,10,46.449229185,2024-09-20 02:19:28.599,1.58333333333333,"1.5","Low acid",12.5983094786667
38,33.8509197063333,11,42.003876206,2024-09-20 02:27:28.941,1.58333333333333,"2.9","Medium acid",8.15295649966667
38,33.8509197063333,12,53.441707011,2024-09-20 02:35:28.447,1.58333333333333,"Mp","Machine plot",19.5907873046667
38,33.8509197063333,13,47.123482475,2024-09-20 02:43:27.885,1.58333333333333,"5.7","High acid",13.2725627686667
38,33.8509197063333,14,45.88363453,2024-09-20 02:51:28.23,1.58333333333333,"0-bp","No acid",12.0327148236667
38,33.8509197063333,15,46.238092559,2024-09-20 02:59:27.782,1.58333333333333,"1.5","Low acid",12.3871728526667
38,33.8509197063333,17,51.86580868,2024-09-20 03:15:26.729,1.58333333333333,"2.9","Medium acid",18.0148889736667
38,33.8509197063333,18,56.252932084,2024-09-20 03:23:26.99,1.58333333333333,"Mp","Machine plot",22.4020123776667
38,33.8509197063333,19,48.314576776,2024-09-20 03:31:26.466,1.58333333333333,"5.7","High acid",14.4636570696667
41,33.2533985476667,1,43.515697661,2024-09-20 03:39:26.184,1.70833333333333,"Mp","Machine plot",10.2622991133333
41,33.2533985476667,2,24.86548211,2024-09-20 03:47:25.161,1.70833333333333,"0-bp","No acid",-8.38791643766666
41,33.2533985476667,3,29.113858207,2024-09-20 03:55:25.095,1.70833333333333,"1.5","Low acid",-4.13954034066666
41,33.2533985476667,4,21.175645959,2024-09-20 04:03:25.658,1.70833333333333,"2.9","Medium acid",-12.0777525886667
41,33.2533985476667,6,32.234131516,2024-09-20 04:19:24.821,1.70833333333333,"0-bp","No acid",-1.01926703166666
41,33.2533985476667,7,21.939831103,2024-09-20 04:27:24.489,1.70833333333333,"5.7","High acid",-11.3135674446667
41,33.2533985476667,8,49.089348756,2024-09-20 04:35:24.446,1.70833333333333,"Mp","Machine plot",15.8359502083333
41,33.2533985476667,10,50.534990457,2024-09-20 04:51:22.944,1.70833333333333,"1.5","Low acid",17.2815919093333
41,33.2533985476667,11,45.668735791,2024-09-20 04:59:22.641,1.70833333333333,"2.9","Medium acid",12.4153372433333
41,33.2533985476667,12,59.678623582,2024-09-20 05:07:23.088,1.70833333333333,"Mp","Machine plot",26.4252250343333
41,33.2533985476667,13,50.838007393,2024-09-20 05:15:22.726,1.70833333333333,"5.7","High acid",17.5846088453333
41,33.2533985476667,14,50.750848637,2024-09-20 05:23:22.332,1.70833333333333,"0-bp","No acid",17.4974500893333
41,33.2533985476667,15,50.302041573,2024-09-20 05:31:22.799,1.70833333333333,"1.5","Low acid",17.0486430253333
41,33.2533985476667,17,55.597783329,2024-09-20 05:47:22.013,1.70833333333333,"2.9","Medium acid",22.3443847813333
41,33.2533985476667,18,68.103987738,2024-09-20 05:55:22.535,1.70833333333333,"Mp","Machine plot",34.8505891903333
41,33.2533985476667,19,51.368521938,2024-09-20 06:03:21.207,1.70833333333333,"5.7","High acid",18.1151233903333
43,36.9494635696667,1,51.124222241,2024-09-20 06:11:21.944,1.79166666666667,"Mp","Machine plot",14.1747586713333
43,36.9494635696667,2,28.646383654,2024-09-20 06:19:21.812,1.79166666666667,"0-bp","No acid",-8.30307991566666
43,36.9494635696667,3,32.402397057,2024-09-20 06:27:21.145,1.79166666666667,"1.5","Low acid",-4.54706651266666
43,36.9494635696667,4,24.367032897,2024-09-20 06:35:20.655,1.79166666666667,"2.9","Medium acid",-12.5824306726667
43,36.9494635696667,6,38.505041353,2024-09-20 06:51:20.151,1.79166666666667,"0-bp","No acid",1.55557778333334
43,36.9494635696667,7,23.815825963,2024-09-20 06:59:20.016,1.79166666666667,"5.7","High acid",-13.1336376066667
43,36.9494635696667,8,54.339390619,2024-09-20 07:07:20.007,1.79166666666667,"Mp","Machine plot",17.3899270493333
43,36.9494635696667,10,54.770255683,2024-09-20 07:23:19.654,1.79166666666667,"1.5","Low acid",17.8207921133333
43,36.9494635696667,11,50.524949172,2024-09-20 07:31:19.267,1.79166666666667,"2.9","Medium acid",13.5754856023333
43,36.9494635696667,12,66.868285846,2024-09-20 07:39:18.012,1.79166666666667,"Mp","Machine plot",29.9188222763333
43,36.9494635696667,13,59.130627765,2024-09-20 07:47:17.549,1.79166666666667,"5.7","High acid",22.1811641953333
43,36.9494635696667,14,60.11393743,2024-09-20 07:55:18.289,1.79166666666667,"0-bp","No acid",23.1644738603333
43,36.9494635696667,15,59.766683965,2024-09-20 08:03:17.042,1.79166666666667,"1.5","Low acid",22.8172203953333
43,36.9494635696667,17,63.706187107,2024-09-20 08:19:17.164,1.79166666666667,"2.9","Medium acid",26.7567235373333
43,36.9494635696667,18,79.763112617,2024-09-20 08:27:16.775,1.79166666666667,"Mp","Machine plot",42.8136490473333
43,36.9494635696667,19,60.945046863,2024-09-20 08:35:17.263,1.79166666666667,"5.7","High acid",23.9955832933333
46,49.5548368516667,1,62.491226103,2024-09-20 08:43:17.022,1.91666666666667,"Mp","Machine plot",12.9363892513333
46,49.5548368516667,2,35.186061377,2024-09-20 08:51:17.038,1.91666666666667,"0-bp","No acid",-14.3687754746667
46,49.5548368516667,3,40.548494843,2024-09-20 08:59:15.384,1.91666666666667,"1.5","Low acid",-9.00634200866666
46,49.5548368516667,4,33.736999251,2024-09-20 09:07:15.099,1.91666666666667,"2.9","Medium acid",-15.8178376006667
46,49.5548368516667,6,55.415482607,2024-09-20 09:23:15.592,1.91666666666667,"0-bp","No acid",5.86064575533334
46,49.5548368516667,7,34.324078216,2024-09-20 09:31:15.388,1.91666666666667,"5.7","High acid",-15.2307586356667
46,49.5548368516667,8,92.387606466,2024-09-20 09:39:15.256,1.91666666666667,"Mp","Machine plot",42.8327696143333
46,49.5548368516667,10,79.913008337,2024-09-20 09:55:15.171,1.91666666666667,"1.5","Low acid",30.3581714853333
46,49.5548368516667,11,68.776310347,2024-09-20 10:03:14.088,1.91666666666667,"2.9","Medium acid",19.2214734953333
46,49.5548368516667,12,101.95335381,2024-09-20 10:11:14.617,1.91666666666667,"Mp","Machine plot",52.3985169583333
46,49.5548368516667,13,77.686738445,2024-09-20 10:19:14.253,1.91666666666667,"5.7","High acid",28.1319015933333
46,49.5548368516667,14,85.343032492,2024-09-20 10:27:13.062,1.91666666666667,"0-bp","No acid",35.7881956403333
46,49.5548368516667,15,76.708099441,2024-09-20 10:35:12.684,1.91666666666667,"1.5","Low acid",27.1532625893333
46,49.5548368516667,17,83.825636899,2024-09-20 10:51:12.838,1.91666666666667,"2.9","Medium acid",34.2708000473333
46,49.5548368516667,18,117.37207752,2024-09-20 10:59:12.568,1.91666666666667,"Mp","Machine plot",67.8172406683333
46,49.5548368516667,19,80.782595161,2024-09-20 11:07:12.332,1.91666666666667,"5.7","High acid",31.2277583093333
48,83.5793547073333,1,99.070812696,2024-09-20 11:15:12.065,2,"Mp","Machine plot",15.4914579886667
48,83.5793547073333,2,62.873928442,2024-09-20 11:23:12.007,2,"0-bp","No acid",-20.7054262653333
48,83.5793547073333,3,75.338382779,2024-09-20 11:31:11.967,2,"1.5","Low acid",-8.24097192833334
48,83.5793547073333,4,69.403257339,2024-09-20 11:39:10.805,2,"2.9","Medium acid",-14.1760973683333
48,83.5793547073333,6,87.486060013,2024-09-20 11:55:10.973,2,"0-bp","No acid",3.90670530566666
48,83.5793547073333,7,88.682194639,2024-09-20 12:03:10.749,2,"5.7","High acid",5.10283993166667
48,83.5793547073333,8,171.07064069,2024-09-20 12:11:10.529,2,"Mp","Machine plot",87.4912859826667
48,83.5793547073333,10,122.8349697,2024-09-20 12:27:10.947,2,"1.5","Low acid",39.2556149926667
48,83.5793547073333,11,109.89072066,2024-09-20 12:35:09.505,2,"2.9","Medium acid",26.3113659526667
48,83.5793547073333,12,169.05810983,2024-09-20 12:43:09.79,2,"Mp","Machine plot",85.4787551226667
48,83.5793547073333,13,139.19679447,2024-09-20 12:51:10.145,2,"5.7","High acid",55.6174397626666
48,83.5793547073333,14,139.05331308,2024-09-20 12:59:09.625,2,"0-bp","No acid",55.4739583726667
48,83.5793547073333,15,148.49045503,2024-09-20 13:07:09.125,2,"1.5","Low acid",64.9111003226667
48,83.5793547073333,17,154.62529549,2024-09-20 13:23:09.055,2,"2.9","Medium acid",71.0459407826667
48,83.5793547073333,18,198.66056405,2024-09-20 13:31:08.661,2,"Mp","Machine plot",115.081209342667
48,83.5793547073333,19,151.40331523,2024-09-20 13:39:08.221,2,"5.7","High acid",67.8239605226667
51,99.014606523,1,160.63608776,2024-09-20 13:47:08.009,2.125,"Mp","Machine plot",61.621481237
51,99.014606523,2,88.621644095,2024-09-20 13:55:07.163,2.125,"0-bp","No acid",-10.392962428
51,99.014606523,3,91.423452245,2024-09-20 14:03:08.045,2.125,"1.5","Low acid",-7.591154278
51,99.014606523,4,84.767163477,2024-09-20 14:11:07.828,2.125,"2.9","Medium acid",-14.247443046
51,99.014606523,6,103.03921842,2024-09-20 14:27:07.13,2.125,"0-bp","No acid",4.024611897
51,99.014606523,7,99.644248024,2024-09-20 14:35:07.171,2.125,"5.7","High acid",0.629641501000009
51,99.014606523,8,173.37771798,2024-09-20 14:43:06.931,2.125,"Mp","Machine plot",74.363111457
51,99.014606523,10,166.6127387,2024-09-20 14:59:07.436,2.125,"1.5","Low acid",67.598132177
51,99.014606523,11,140.30749623,2024-09-20 15:07:07.088,2.125,"2.9","Medium acid",41.292889707
51,99.014606523,12,189.3816848,2024-09-20 15:15:06.762,2.125,"Mp","Machine plot",90.367078277
51,99.014606523,13,152.75889371,2024-09-20 15:23:07.131,2.125,"5.7","High acid",53.744287187
51,99.014606523,14,143.94335271,2024-09-20 15:31:06.786,2.125,"0-bp","No acid",44.928746187
51,99.014606523,15,147.85335392,2024-09-20 15:39:06.403,2.125,"1.5","Low acid",48.838747397
51,99.014606523,17,151.33325994,2024-09-20 15:55:06.674,2.125,"2.9","Medium acid",52.318653417
51,99.014606523,18,188.14688511,2024-09-20 16:03:06.226,2.125,"Mp","Machine plot",89.132278587
51,99.014606523,19,136.0945791,2024-09-20 16:11:05.714,2.125,"5.7","High acid",37.079972577
53,56.0737788303333,1,149.61759839,2024-09-20 16:19:06.342,2.20833333333333,"Mp","Machine plot",93.5438195596667
53,56.0737788303333,2,76.48379713,2024-09-20 16:27:05.43,2.20833333333333,"0-bp","No acid",20.4100182996667
53,56.0737788303333,3,70.271606102,2024-09-20 16:35:05.305,2.20833333333333,"1.5","Low acid",14.1978272716667
53,56.0737788303333,4,57.713008574,2024-09-20 16:43:04.871,2.20833333333333,"2.9","Medium acid",1.63922974366667
53,56.0737788303333,6,64.400759224,2024-09-20 16:59:05.009,2.20833333333333,"0-bp","No acid",8.32698039366667
53,56.0737788303333,7,53.545721121,2024-09-20 17:07:03.941,2.20833333333333,"5.7","High acid",-2.52805770933333
53,56.0737788303333,8,103.94001111,2024-09-20 17:15:03.621,2.20833333333333,"Mp","Machine plot",47.8662322796667
53,56.0737788303333,10,98.104530581,2024-09-20 17:31:03.206,2.20833333333333,"1.5","Low acid",42.0307517506667
53,56.0737788303333,11,83.010262941,2024-09-20 17:39:02.737,2.20833333333333,"2.9","Medium acid",26.9364841106667
53,56.0737788303333,12,101.14604173,2024-09-20 17:47:02.371,2.20833333333333,"Mp","Machine plot",45.0722628996667
53,56.0737788303333,13,87.067384839,2024-09-20 17:55:02.868,2.20833333333333,"5.7","High acid",30.9936060086667
53,56.0737788303333,14,82.021356367,2024-09-20 18:03:02.44,2.20833333333333,"0-bp","No acid",25.9475775366667
53,56.0737788303333,15,80.13447707,2024-09-20 18:11:01.894,2.20833333333333,"1.5","Low acid",24.0606982396667
53,56.0737788303333,17,79.878248942,2024-09-20 18:27:01.677,2.20833333333333,"2.9","Medium acid",23.8044701116667
53,56.0737788303333,18,87.935203815,2024-09-20 18:35:01.111,2.20833333333333,"Mp","Machine plot",31.8614249846667
53,56.0737788303333,19,69.926828057,2024-09-20 18:43:01.286,2.20833333333333,"5.7","High acid",13.8530492266667
56,38.7826867666667,1,63.037311359,2024-09-20 18:51:00.829,2.33333333333333,"Mp","Machine plot",24.2546245923333
56,38.7826867666667,2,32.632702181,2024-09-20 18:59:00.467,2.33333333333333,"0-bp","No acid",-6.14998458566667
56,38.7826867666667,3,34.511105266,2024-09-20 19:06:59.365,2.33333333333333,"1.5","Low acid",-4.27158150066666
56,38.7826867666667,4,26.082926588,2024-09-20 19:14:59.944,2.33333333333333,"2.9","Medium acid",-12.6997601786667
56,38.7826867666667,6,34.478229855,2024-09-20 19:30:59.063,2.33333333333333,"0-bp","No acid",-4.30445691166666
56,38.7826867666667,7,25.511203243,2024-09-20 19:38:58.97,2.33333333333333,"5.7","High acid",-13.2714835236667
56,38.7826867666667,8,58.001653794,2024-09-20 19:46:58.898,2.33333333333333,"Mp","Machine plot",19.2189670273333
56,38.7826867666667,10,57.793549392,2024-09-20 20:02:58.401,2.33333333333333,"1.5","Low acid",19.0108626253333
56,38.7826867666667,11,53.277341468,2024-09-20 20:10:58.848,2.33333333333333,"2.9","Medium acid",14.4946547013333
56,38.7826867666667,12,64.847987204,2024-09-20 20:18:58.355,2.33333333333333,"Mp","Machine plot",26.0653004373333
56,38.7826867666667,13,58.430382875,2024-09-20 20:26:58.671,2.33333333333333,"5.7","High acid",19.6476961083333
56,38.7826867666667,14,56.913173994,2024-09-20 20:34:57.296,2.33333333333333,"0-bp","No acid",18.1304872273333
56,38.7826867666667,15,58.238312625,2024-09-20 20:42:57.671,2.33333333333333,"1.5","Low acid",19.4556258583333
56,38.7826867666667,17,61.874056242,2024-09-20 20:58:56.742,2.33333333333333,"2.9","Medium acid",23.0913694753333
56,38.7826867666667,18,80.814460237,2024-09-20 21:06:57.151,2.33333333333333,"Mp","Machine plot",42.0317734703333
56,38.7826867666667,19,57.669921069,2024-09-20 21:14:56.841,2.33333333333333,"5.7","High acid",18.8872343023333
58,34.8682600576667,1,72.233469207,2024-09-20 21:22:55.68,2.41666666666667,"Mp","Machine plot",37.3652091493333
58,34.8682600576667,2,29.6438794,2024-09-20 21:30:55.677,2.41666666666667,"0-bp","No acid",-5.22438065766667
58,34.8682600576667,3,31.363724138,2024-09-20 21:38:55.612,2.41666666666667,"1.5","Low acid",-3.50453591966667
58,34.8682600576667,4,23.065807917,2024-09-20 21:46:55.309,2.41666666666667,"2.9","Medium acid",-11.8024521406667
58,34.8682600576667,6,36.602991249,2024-09-20 22:02:55.362,2.41666666666667,"0-bp","No acid",1.73473119133333
58,34.8682600576667,7,22.993891478,2024-09-20 22:10:54.342,2.41666666666667,"5.7","High acid",-11.8743685796667
58,34.8682600576667,8,71.474736962,2024-09-20 22:18:53.526,2.41666666666667,"Mp","Machine plot",36.6064769043333
58,34.8682600576667,10,55.044336514,2024-09-20 22:34:53.914,2.41666666666667,"1.5","Low acid",20.1760764563333
58,34.8682600576667,11,49.177138713,2024-09-20 22:42:53.477,2.41666666666667,"2.9","Medium acid",14.3088786553333
58,34.8682600576667,12,67.02255393,2024-09-20 22:50:53.144,2.41666666666667,"Mp","Machine plot",32.1542938723333
58,34.8682600576667,13,54.094915126,2024-09-20 22:58:52.701,2.41666666666667,"5.7","High acid",19.2266550683333
58,34.8682600576667,14,54.875266014,2024-09-20 23:06:53.286,2.41666666666667,"0-bp","No acid",20.0070059563333
58,34.8682600576667,15,52.290380032,2024-09-20 23:14:52.714,2.41666666666667,"1.5","Low acid",17.4221199743333
58,34.8682600576667,17,55.261185743,2024-09-20 23:30:52.594,2.41666666666667,"2.9","Medium acid",20.3929256853333
58,34.8682600576667,18,79.067490603,2024-09-20 23:38:52.278,2.41666666666667,"Mp","Machine plot",44.1992305453333
58,34.8682600576667,19,51.219064558,2024-09-20 23:46:51.818,2.41666666666667,"5.7","High acid",16.3508045003333
61,33.0458758733333,1,70.864418642,2024-09-20 23:54:51.645,2.54166666666667,"Mp","Machine plot",37.8185427686667
61,33.0458758733333,2,28.02044061,2024-09-21 00:02:51.631,2.54166666666667,"0-bp","No acid",-5.02543526333333
61,33.0458758733333,3,29.537500908,2024-09-21 00:10:50.793,2.54166666666667,"1.5","Low acid",-3.50837496533333
61,33.0458758733333,4,20.992933934,2024-09-21 00:18:50.368,2.54166666666667,"2.9","Medium acid",-12.0529419393333
61,33.0458758733333,6,36.982920784,2024-09-21 00:34:50.772,2.54166666666667,"0-bp","No acid",3.93704491066667
61,33.0458758733333,7,20.958476211,2024-09-21 00:42:49.795,2.54166666666667,"5.7","High acid",-12.0873996623333
61,33.0458758733333,8,74.675484907,2024-09-21 00:50:49.608,2.54166666666667,"Mp","Machine plot",41.6296090336667
61,33.0458758733333,10,50.499200541,2024-09-21 01:06:49.605,2.54166666666667,"1.5","Low acid",17.4533246676667
61,33.0458758733333,11,45.130002102,2024-09-21 01:14:48.385,2.54166666666667,"2.9","Medium acid",12.0841262286667
61,33.0458758733333,12,67.148911631,2024-09-21 01:22:48.888,2.54166666666667,"Mp","Machine plot",34.1030357576667
61,33.0458758733333,13,51.418171431,2024-09-21 01:30:48.493,2.54166666666667,"5.7","High acid",18.3722955576667
61,33.0458758733333,14,53.732871004,2024-09-21 01:38:48.243,2.54166666666667,"0-bp","No acid",20.6869951306667
61,33.0458758733333,15,50.370505582,2024-09-21 01:46:46.855,2.54166666666667,"1.5","Low acid",17.3246297086667
61,33.0458758733333,17,53.224243666,2024-09-21 02:02:47.167,2.54166666666667,"2.9","Medium acid",20.1783677926667
61,33.0458758733333,18,78.163475279,2024-09-21 02:10:46.808,2.54166666666667,"Mp","Machine plot",45.1175994056667
61,33.0458758733333,19,49.574951064,2024-09-21 02:18:47.247,2.54166666666667,"5.7","High acid",16.5290751906667
63,32.649206875,1,71.389891473,2024-09-21 02:26:46.181,2.625,"Mp","Machine plot",38.740684598
63,32.649206875,2,28.172795862,2024-09-21 02:34:46.22,2.625,"0-bp","No acid",-4.476411013
63,32.649206875,3,29.381869357,2024-09-21 02:42:46.197,2.625,"1.5","Low acid",-3.267337518
63,32.649206875,4,20.47554927,2024-09-21 02:50:46.144,2.625,"2.9","Medium acid",-12.173657605
63,32.649206875,6,36.845733253,2024-09-21 03:06:44.999,2.625,"0-bp","No acid",4.19652637799999
63,32.649206875,7,20.433151582,2024-09-21 03:14:45.048,2.625,"5.7","High acid",-12.216055293
63,32.649206875,8,77.598752009,2024-09-21 03:22:45.134,2.625,"Mp","Machine plot",44.949545134
63,32.649206875,10,50.214243099,2024-09-21 03:38:44.904,2.625,"1.5","Low acid",17.565036224
63,32.649206875,11,43.809491916,2024-09-21 03:46:44.726,2.625,"2.9","Medium acid",11.160285041
63,32.649206875,12,68.23139157,2024-09-21 03:54:44.414,2.625,"Mp","Machine plot",35.582184695
63,32.649206875,13,49.693900901,2024-09-21 04:02:43.204,2.625,"5.7","High acid",17.044694026
63,32.649206875,14,52.742581408,2024-09-21 04:10:43.839,2.625,"0-bp","No acid",20.093374533
63,32.649206875,15,48.128604851,2024-09-21 04:18:43.503,2.625,"1.5","Low acid",15.479397976
63,32.649206875,17,51.491910168,2024-09-21 04:34:42.948,2.625,"2.9","Medium acid",18.842703293
63,32.649206875,18,78.194306765,2024-09-21 04:42:42.65,2.625,"Mp","Machine plot",45.54509989
63,32.649206875,19,47.364156952,2024-09-21 04:50:41.489,2.625,"5.7","High acid",14.714950077
66,32.597607077,1,71.813115682,2024-09-21 04:58:42.293,2.75,"Mp","Machine plot",39.215508605
66,32.597607077,2,28.430737778,2024-09-21 05:06:41.683,2.75,"0-bp","No acid",-4.166869299
66,32.597607077,3,29.86850395,2024-09-21 05:14:41.085,2.75,"1.5","Low acid",-2.729103127
66,32.597607077,4,20.467772448,2024-09-21 05:22:40.371,2.75,"2.9","Medium acid",-12.129834629
66,32.597607077,6,37.373172358,2024-09-21 05:38:40.316,2.75,"0-bp","No acid",4.775565281
66,32.597607077,7,19.76038778,2024-09-21 05:46:40.457,2.75,"5.7","High acid",-12.837219297
66,32.597607077,8,75.828631569,2024-09-21 05:54:39.664,2.75,"Mp","Machine plot",43.231024492
66,32.597607077,10,49.757537957,2024-09-21 06:10:39.831,2.75,"1.5","Low acid",17.15993088
66,32.597607077,11,42.944272147,2024-09-21 06:18:39.674,2.75,"2.9","Medium acid",10.34666507
66,32.597607077,12,68.735537823,2024-09-21 06:26:39.453,2.75,"Mp","Machine plot",36.137930746
66,32.597607077,13,48.653361855,2024-09-21 06:34:39.571,2.75,"5.7","High acid",16.055754778
66,32.597607077,14,53.333061828,2024-09-21 06:42:38.647,2.75,"0-bp","No acid",20.735454751
66,32.597607077,15,49.055626231,2024-09-21 06:50:38.457,2.75,"1.5","Low acid",16.458019154
66,32.597607077,17,54.475320477,2024-09-21 07:06:38.148,2.75,"2.9","Medium acid",21.8777134
66,32.597607077,18,86.398280117,2024-09-21 07:14:37.993,2.75,"Mp","Machine plot",53.80067304
66,32.597607077,19,52.017155303,2024-09-21 07:22:37.003,2.75,"5.7","High acid",19.419548226
68,46.9775326253333,1,84.109651254,2024-09-21 07:30:36.911,2.83333333333333,"Mp","Machine plot",37.1321186286667
68,46.9775326253333,2,34.874364428,2024-09-21 07:38:37.265,2.83333333333333,"0-bp","No acid",-12.1031681973333
68,46.9775326253333,3,39.595362867,2024-09-21 07:46:36.651,2.83333333333333,"1.5","Low acid",-7.38216975833333
68,46.9775326253333,4,27.910152625,2024-09-21 07:54:36.651,2.83333333333333,"2.9","Medium acid",-19.0673800003333
68,46.9775326253333,6,54.47427311,2024-09-21 08:10:36.658,2.83333333333333,"0-bp","No acid",7.49674048466667
68,46.9775326253333,7,28.877983496,2024-09-21 08:18:35.855,2.83333333333333,"5.7","High acid",-18.0995491293333
68,46.9775326253333,8,114.04873328,2024-09-21 08:26:35.091,2.83333333333333,"Mp","Machine plot",67.0712006546667
68,46.9775326253333,10,73.552821786,2024-09-21 08:42:34.63,2.83333333333333,"1.5","Low acid",26.5752891606667
68,46.9775326253333,11,59.563355358,2024-09-21 08:50:34.67,2.83333333333333,"2.9","Medium acid",12.5858227326667
68,46.9775326253333,12,108.30614908,2024-09-21 08:58:34.654,2.83333333333333,"Mp","Machine plot",61.3286164546667
68,46.9775326253333,13,73.64580294,2024-09-21 09:06:33.701,2.83333333333333,"5.7","High acid",26.6682703146667
68,46.9775326253333,14,102.05995262,2024-09-21 09:14:33.736,2.83333333333333,"0-bp","No acid",55.0824199946667
68,46.9775326253333,15,76.16148068,2024-09-21 09:22:33.674,2.83333333333333,"1.5","Low acid",29.1839480546667
68,46.9775326253333,17,95.519267082,2024-09-21 09:38:33.398,2.83333333333333,"2.9","Medium acid",48.5417344566667
68,46.9775326253333,18,158.36628006,2024-09-21 09:46:33.082,2.83333333333333,"Mp","Machine plot",111.388747434667
68,46.9775326253333,19,95.604705373,2024-09-21 09:54:31.828,2.83333333333333,"5.7","High acid",48.6271727476667
71,91.4940442133333,1,177.83328071,2024-09-21 10:02:32.727,2.95833333333333,"Mp","Machine plot",86.3392364966667
71,91.4940442133333,2,94.804501789,2024-09-21 10:10:32.256,2.95833333333333,"0-bp","No acid",3.31045757566666
71,91.4940442133333,3,95.152975261,2024-09-21 10:18:31.417,2.95833333333333,"1.5","Low acid",3.65893104766666
71,91.4940442133333,4,83.99227638,2024-09-21 10:26:31.598,2.95833333333333,"2.9","Medium acid",-7.50176783333333
71,91.4940442133333,6,95.402481634,2024-09-21 10:42:31.522,2.95833333333333,"0-bp","No acid",3.90843742066666
71,91.4940442133333,7,90.574036197,2024-09-21 10:50:30.904,2.95833333333333,"5.7","High acid",-0.920008016333341
71,91.4940442133333,8,197.69762091,2024-09-21 10:58:30.99,2.95833333333333,"Mp","Machine plot",106.203576696667
71,91.4940442133333,10,150.67291559,2024-09-21 11:14:30.753,2.95833333333333,"1.5","Low acid",59.1788713766667
71,91.4940442133333,11,131.44767608,2024-09-21 11:22:30.144,2.95833333333333,"2.9","Medium acid",39.9536318666667
71,91.4940442133333,12,191.11103246,2024-09-21 11:30:30.348,2.95833333333333,"Mp","Machine plot",99.6169882466667
71,91.4940442133333,13,150.79328189,2024-09-21 11:38:29.7,2.95833333333333,"5.7","High acid",59.2992376766667
71,91.4940442133333,14,147.97140728,2024-09-21 11:46:29.18,2.95833333333333,"0-bp","No acid",56.4773630666667
71,91.4940442133333,15,157.03192425,2024-09-21 11:54:28.492,2.95833333333333,"1.5","Low acid",65.5378800366667
71,91.4940442133333,17,159.76888518,2024-09-21 12:10:27.723,2.95833333333333,"2.9","Medium acid",68.2748409666667
71,91.4940442133333,18,213.27027313,2024-09-21 12:18:27.898,2.95833333333333,"Mp","Machine plot",121.776228916667
71,91.4940442133333,19,155.23443287,2024-09-21 12:26:26.983,2.95833333333333,"5.7","High acid",63.7403886566667
73,101.379962910667,1,177.50014447,2024-09-21 12:34:28,3.04166666666667,"Mp","Machine plot",76.1201815593333
73,101.379962910667,2,106.05186912,2024-09-21 12:42:27.658,3.04166666666667,"0-bp","No acid",4.67190620933334
73,101.379962910667,3,108.23711516,2024-09-21 12:50:26.424,3.04166666666667,"1.5","Low acid",6.85715224933334
73,101.379962910667,4,97.265059841,2024-09-21 12:58:26.2,3.04166666666667,"2.9","Medium acid",-4.11490306966667
73,101.379962910667,6,97.03455336,2024-09-21 13:14:26.96,3.04166666666667,"0-bp","No acid",-4.34540955066666
73,101.379962910667,7,96.407860914,2024-09-21 13:22:26.052,3.04166666666667,"5.7","High acid",-4.97210199666667
73,101.379962910667,8,185.97253653,2024-09-21 13:30:25.266,3.04166666666667,"Mp","Machine plot",84.5925736193334
73,101.379962910667,10,167.23622454,2024-09-21 13:46:25.516,3.04166666666667,"1.5","Low acid",65.8562616293333
73,101.379962910667,11,150.75595314,2024-09-21 13:54:25.282,3.04166666666667,"2.9","Medium acid",49.3759902293333
73,101.379962910667,12,209.78601168,2024-09-21 14:02:24.93,3.04166666666667,"Mp","Machine plot",108.406048769333
73,101.379962910667,13,170.5844361,2024-09-21 14:10:24.628,3.04166666666667,"5.7","High acid",69.2044731893333
73,101.379962910667,14,167.09397575,2024-09-21 14:18:24.457,3.04166666666667,"0-bp","No acid",65.7140128393333
73,101.379962910667,15,172.83458234,2024-09-21 14:26:24.417,3.04166666666667,"1.5","Low acid",71.4546194293333
73,101.379962910667,17,172.05027965,2024-09-21 14:42:23.842,3.04166666666667,"2.9","Medium acid",70.6703167393333
73,101.379962910667,18,207.78189382,2024-09-21 14:50:23.704,3.04166666666667,"Mp","Machine plot",106.401930909333
73,101.379962910667,19,148.0979025,2024-09-21 14:58:23.346,3.04166666666667,"5.7","High acid",46.7179395893333
76,68.197970224,1,147.10905666,2024-09-21 15:06:23.23,3.16666666666667,"Mp","Machine plot",78.911086436
76,68.197970224,2,77.696535265,2024-09-21 15:14:23.365,3.16666666666667,"0-bp","No acid",9.49856504099999
76,68.197970224,3,87.915718867,2024-09-21 15:22:23.546,3.16666666666667,"1.5","Low acid",19.717748643
76,68.197970224,4,72.990995376,2024-09-21 15:30:22.43,3.16666666666667,"2.9","Medium acid",4.793025152
76,68.197970224,6,71.395470433,2024-09-21 15:46:21.667,3.16666666666667,"0-bp","No acid",3.197500209
76,68.197970224,7,75.518831711,2024-09-21 15:54:22.426,3.16666666666667,"5.7","High acid",7.320861487
76,68.197970224,8,132.45924746,2024-09-21 16:02:22.529,3.16666666666667,"Mp","Machine plot",64.261277236
76,68.197970224,10,132.14138999,2024-09-21 16:18:20.792,3.16666666666667,"1.5","Low acid",63.943419766
76,68.197970224,11,105.94406832,2024-09-21 16:26:20.716,3.16666666666667,"2.9","Medium acid",37.746098096
76,68.197970224,12,148.017693,2024-09-21 16:34:21.303,3.16666666666667,"Mp","Machine plot",79.819722776
76,68.197970224,13,112.56273109,2024-09-21 16:42:21.026,3.16666666666667,"5.7","High acid",44.364760866
76,68.197970224,14,106.98851426,2024-09-21 16:50:21.111,3.16666666666667,"0-bp","No acid",38.790544036
76,68.197970224,15,106.48110291,2024-09-21 16:58:20.042,3.16666666666667,"1.5","Low acid",38.283132686
76,68.197970224,17,103.33073568,2024-09-21 17:14:20.857,3.16666666666667,"2.9","Medium acid",35.132765456
76,68.197970224,18,115.03001505,2024-09-21 17:22:19.012,3.16666666666667,"Mp","Machine plot",46.832044826
76,68.197970224,19,89.641206588,2024-09-21 17:30:19.924,3.16666666666667,"5.7","High acid",21.443236364
78,45.130487567,1,77.595227691,2024-09-21 17:38:19.108,3.25,"Mp","Machine plot",32.464740124
78,45.130487567,2,41.392817779,2024-09-21 17:46:19.398,3.25,"0-bp","No acid",-3.737669788
78,45.130487567,3,45.464601527,2024-09-21 17:54:18.915,3.25,"1.5","Low acid",0.334113959999996
78,45.130487567,4,35.971955415,2024-09-21 18:02:19.059,3.25,"2.9","Medium acid",-9.15853215200001
78,45.130487567,6,37.895030585,2024-09-21 18:18:18.197,3.25,"0-bp","No acid",-7.235456982
78,45.130487567,7,31.073936011,2024-09-21 18:26:18.167,3.25,"5.7","High acid",-14.056551556
78,45.130487567,8,64.817045178,2024-09-21 18:34:17.441,3.25,"Mp","Machine plot",19.686557611
78,45.130487567,10,68.399726926,2024-09-21 18:50:16.515,3.25,"1.5","Low acid",23.269239359
78,45.130487567,11,58.242360808,2024-09-21 18:58:15.665,3.25,"2.9","Medium acid",13.111873241
78,45.130487567,12,75.95630492,2024-09-21 19:06:16.46,3.25,"Mp","Machine plot",30.825817353
78,45.130487567,13,62.123810112,2024-09-21 19:14:15.515,3.25,"5.7","High acid",16.993322545
78,45.130487567,14,60.432420663,2024-09-21 19:22:16.512,3.25,"0-bp","No acid",15.301933096
78,45.130487567,15,60.82740715,2024-09-21 19:30:15.519,3.25,"1.5","Low acid",15.696919583
78,45.130487567,17,61.977634677,2024-09-21 19:46:15.378,3.25,"2.9","Medium acid",16.84714711
78,45.130487567,18,75.660024502,2024-09-21 19:54:14.786,3.25,"Mp","Machine plot",30.529536935
78,45.130487567,19,56.116038237,2024-09-21 20:02:14.834,3.25,"5.7","High acid",10.98555067
81,32.4939601013333,1,54.139457892,2024-09-21 20:10:14.006,3.375,"Mp","Machine plot",21.6454977906667
81,32.4939601013333,2,27.287429717,2024-09-21 20:18:14.44,3.375,"0-bp","No acid",-5.20653038433333
81,32.4939601013333,3,31.882781457,2024-09-21 20:26:13.279,3.375,"1.5","Low acid",-0.611178644333329
81,32.4939601013333,4,24.280479497,2024-09-21 20:34:13.418,3.375,"2.9","Medium acid",-8.21348060433333
81,32.4939601013333,6,27.885049126,2024-09-21 20:50:12.907,3.375,"0-bp","No acid",-4.60891097533333
81,32.4939601013333,7,21.266135355,2024-09-21 20:58:12.246,3.375,"5.7","High acid",-11.2278247463333
81,32.4939601013333,8,47.313635893,2024-09-21 21:06:12.594,3.375,"Mp","Machine plot",14.8196757916667
81,32.4939601013333,10,50.202009811,2024-09-21 21:22:12.153,3.375,"1.5","Low acid",17.7080497096667
81,32.4939601013333,11,44.642962022,2024-09-21 21:30:11.22,3.375,"2.9","Medium acid",12.1490019206667
81,32.4939601013333,12,62.188274759,2024-09-21 21:38:11.104,3.375,"Mp","Machine plot",29.6943146576667
81,32.4939601013333,13,49.403418061,2024-09-21 21:46:11.091,3.375,"5.7","High acid",16.9094579596667
81,32.4939601013333,14,47.963193812,2024-09-21 21:54:11.348,3.375,"0-bp","No acid",15.4692337106667
81,32.4939601013333,15,48.195533085,2024-09-21 22:02:10.551,3.375,"1.5","Low acid",15.7015729836667
81,32.4939601013333,17,50.68102563,2024-09-21 22:18:10.72,3.375,"2.9","Medium acid",18.1870655286667
81,32.4939601013333,18,66.447140273,2024-09-21 22:26:09.993,3.375,"Mp","Machine plot",33.9531801716667
81,32.4939601013333,19,45.985331921,2024-09-21 22:34:09.415,3.375,"5.7","High acid",13.4913718196667
84,31.6417662976667,1,53.216867782,2024-09-21 22:42:09.342,3.5,"Mp","Machine plot",21.5751014843333
84,31.6417662976667,2,21.521128417,2024-09-21 22:50:09.733,3.5,"0-bp","No acid",-10.1206378806667
84,31.6417662976667,3,25.657344294,2024-09-21 22:58:09.322,3.5,"1.5","Low acid",-5.98442200366667
84,31.6417662976667,4,18.743168916,2024-09-21 23:06:08.489,3.5,"2.9","Medium acid",-12.8985973816667
84,31.6417662976667,6,26.779977966,2024-09-21 23:22:07.621,3.5,"0-bp","No acid",-4.86178833166667
84,31.6417662976667,7,17.79687088,2024-09-21 23:30:07.821,3.5,"5.7","High acid",-13.8448954176667
84,31.6417662976667,8,58.880900472,2024-09-21 23:38:07.446,3.5,"Mp","Machine plot",27.2391341743333
84,31.6417662976667,10,44.767998087,2024-09-21 23:54:07.47,3.5,"1.5","Low acid",13.1262317893333
84,31.6417662976667,11,38.66852185,2024-09-22 00:02:07.631,3.5,"2.9","Medium acid",7.02675555233333
84,31.6417662976667,12,56.206830598,2024-09-22 00:10:05.862,3.5,"Mp","Machine plot",24.5650643003333
84,31.6417662976667,13,43.702147155,2024-09-22 00:18:06.167,3.5,"5.7","High acid",12.0603808573333
84,31.6417662976667,14,42.350070412,2024-09-22 00:26:05.398,3.5,"0-bp","No acid",10.7083041143333
84,31.6417662976667,15,42.460728586,2024-09-22 00:34:05.549,3.5,"1.5","Low acid",10.8189622883333
84,31.6417662976667,17,45.811520991,2024-09-22 00:50:05.253,3.5,"2.9","Medium acid",14.1697546933333
84,31.6417662976667,18,61.884629783,2024-09-22 00:58:05.7,3.5,"Mp","Machine plot",30.2428634853333
84,31.6417662976667,19,42.084373021,2024-09-22 01:06:05.428,3.5,"5.7","High acid",10.4426067233333
86,28.9644138903333,1,45.584696257,2024-09-22 01:14:04.92,3.58333333333333,"Mp","Machine plot",16.6202823666667
86,28.9644138903333,2,20.290809011,2024-09-22 01:22:03.881,3.58333333333333,"0-bp","No acid",-8.67360487933333
86,28.9644138903333,3,25.350874271,2024-09-22 01:30:04.417,3.58333333333333,"1.5","Low acid",-3.61353961933333
86,28.9644138903333,4,18.089115341,2024-09-22 01:38:03.006,3.58333333333333,"2.9","Medium acid",-10.8752985493333
86,28.9644138903333,6,26.766626677,2024-09-22 01:54:03.186,3.58333333333333,"0-bp","No acid",-2.19778721333333
86,28.9644138903333,7,18.199035789,2024-09-22 02:02:02.933,3.58333333333333,"5.7","High acid",-10.7653781013333
86,28.9644138903333,8,52.245498133,2024-09-22 02:10:02.888,3.58333333333333,"Mp","Machine plot",23.2810842426667
86,28.9644138903333,10,46.49641372,2024-09-22 02:26:01.687,3.58333333333333,"1.5","Low acid",17.5319998296667
86,28.9644138903333,11,39.809825536,2024-09-22 02:34:01.46,3.58333333333333,"2.9","Medium acid",10.8454116456667
86,28.9644138903333,12,56.593571693,2024-09-22 02:42:01.003,3.58333333333333,"Mp","Machine plot",27.6291578026667
86,28.9644138903333,13,44.434474318,2024-09-22 02:50:01.553,3.58333333333333,"5.7","High acid",15.4700604276667
86,28.9644138903333,14,44.330296474,2024-09-22 02:58:01.144,3.58333333333333,"0-bp","No acid",15.3658825836667
86,28.9644138903333,15,44.178436539,2024-09-22 03:06:00.878,3.58333333333333,"1.5","Low acid",15.2140226486667
86,28.9644138903333,17,47.806975937,2024-09-22 03:22:00.203,3.58333333333333,"2.9","Medium acid",18.8425620466667
86,28.9644138903333,18,61.612695756,2024-09-22 03:30:00.657,3.58333333333333,"Mp","Machine plot",32.6482818656667
86,28.9644138903333,19,43.691811917,2024-09-22 03:38:00.187,3.58333333333333,"5.7","High acid",14.7273980266667
89,29.2923144593333,1,49.63680483,2024-09-22 03:45:59.951,3.70833333333333,"Mp","Machine plot",20.3444903706667
89,29.2923144593333,2,21.234082914,2024-09-22 03:53:59.894,3.70833333333333,"0-bp","No acid",-8.05823154533334
89,29.2923144593333,3,26.48424461,2024-09-22 04:01:59.039,3.70833333333333,"1.5","Low acid",-2.80806984933333
89,29.2923144593333,4,18.768184194,2024-09-22 04:09:59.507,3.70833333333333,"2.9","Medium acid",-10.5241302653333
89,29.2923144593333,6,27.354913142,2024-09-22 04:25:58.296,3.70833333333333,"0-bp","No acid",-1.93740131733333
89,29.2923144593333,7,17.466468921,2024-09-22 04:33:58.279,3.70833333333333,"5.7","High acid",-11.8258455383333
89,29.2923144593333,8,48.399728439,2024-09-22 04:41:57.391,3.70833333333333,"Mp","Machine plot",19.1074139796667
89,29.2923144593333,10,45.101188909,2024-09-22 04:57:57.237,3.70833333333333,"1.5","Low acid",15.8088744496667
89,29.2923144593333,11,37.455599925,2024-09-22 05:05:56.953,3.70833333333333,"2.9","Medium acid",8.16328546566667
89,29.2923144593333,12,54.252858406,2024-09-22 05:13:56.848,3.70833333333333,"Mp","Machine plot",24.9605439466667
89,29.2923144593333,13,40.934120539,2024-09-22 05:21:56.812,3.70833333333333,"5.7","High acid",11.6418060796667
89,29.2923144593333,14,41.414195712,2024-09-22 05:29:55.904,3.70833333333333,"0-bp","No acid",12.1218812526667
89,29.2923144593333,15,39.58525303,2024-09-22 05:37:56.707,3.70833333333333,"1.5","Low acid",10.2929385706667
89,29.2923144593333,17,42.587199973,2024-09-22 05:53:55.532,3.70833333333333,"2.9","Medium acid",13.2948855136667
89,29.2923144593333,18,56.366784826,2024-09-22 06:01:54.528,3.70833333333333,"Mp","Machine plot",27.0744703666667
89,29.2923144593333,19,39.502991095,2024-09-22 06:09:54.431,3.70833333333333,"5.7","High acid",10.2106766356667
91,36.3392448873333,1,45.623962405,2024-09-22 06:17:55.331,3.79166666666667,"Mp","Machine plot",9.28471751766666
91,36.3392448873333,2,19.513175935,2024-09-22 06:25:54.678,3.79166666666667,"0-bp","No acid",-16.8260689523333
91,36.3392448873333,3,25.55071389,2024-09-22 06:33:54.151,3.79166666666667,"1.5","Low acid",-10.7885309973333
91,36.3392448873333,4,17.740835636,2024-09-22 06:41:54.361,3.79166666666667,"2.9","Medium acid",-18.5984092513333
91,36.3392448873333,6,27.139715548,2024-09-22 06:57:53.013,3.79166666666667,"0-bp","No acid",-9.19952933933333
91,36.3392448873333,7,18.418413881,2024-09-22 07:05:53.299,3.79166666666667,"5.7","High acid",-17.9208310063333
91,36.3392448873333,8,54.454738189,2024-09-22 07:13:53.351,3.79166666666667,"Mp","Machine plot",18.1154933016667
91,36.3392448873333,10,51.235794208,2024-09-22 07:29:52.506,3.79166666666667,"1.5","Low acid",14.8965493206667
91,36.3392448873333,11,45.343288511,2024-09-22 07:37:52.94,3.79166666666667,"2.9","Medium acid",9.00404362366666
91,36.3392448873333,12,63.973271622,2024-09-22 07:45:52.206,3.79166666666667,"Mp","Machine plot",27.6340267346667
91,36.3392448873333,13,54.489965581,2024-09-22 07:53:51.571,3.79166666666667,"5.7","High acid",18.1507206936667
91,36.3392448873333,14,56.152090384,2024-09-22 08:01:50.967,3.79166666666667,"0-bp","No acid",19.8128454966667
91,36.3392448873333,15,56.788084494,2024-09-22 08:09:51.312,3.79166666666667,"1.5","Low acid",20.4488396066667
91,36.3392448873333,17,71.423965625,2024-09-22 08:25:50.994,3.79166666666667,"2.9","Medium acid",35.0847207376667
91,36.3392448873333,18,149.60957693,2024-09-22 08:33:50.44,3.79166666666667,"Mp","Machine plot",113.270332042667
91,36.3392448873333,19,78.826130228,2024-09-22 08:41:50.66,3.79166666666667,"5.7","High acid",42.4868853406667
94,69.8679891436667,1,149.31445872,2024-09-22 08:49:49.844,3.91666666666667,"Mp","Machine plot",79.4464695763333
94,69.8679891436667,2,85.799292347,2024-09-22 08:57:50.145,3.91666666666667,"0-bp","No acid",15.9313032033333
94,69.8679891436667,3,109.31017534,2024-09-22 09:05:48.707,3.91666666666667,"1.5","Low acid",39.4421861963333
94,69.8679891436667,4,95.899387546,2024-09-22 09:13:49.694,3.91666666666667,"2.9","Medium acid",26.0313984023333
94,69.8679891436667,6,89.394200259,2024-09-22 09:29:49.033,3.91666666666667,"0-bp","No acid",19.5262111153333
94,69.8679891436667,7,89.046004297,2024-09-22 09:37:49.101,3.91666666666667,"5.7","High acid",19.1780151533333
94,69.8679891436667,8,134.34686629,2024-09-22 09:45:48.229,3.91666666666667,"Mp","Machine plot",64.4788771463333
94,69.8679891436667,10,122.9234107,2024-09-22 10:01:47.846,3.91666666666667,"1.5","Low acid",53.0554215563333
94,69.8679891436667,11,107.63427444,2024-09-22 10:09:47.908,3.91666666666667,"2.9","Medium acid",37.7662852963333
94,69.8679891436667,12,152.72485292,2024-09-22 10:17:48.009,3.91666666666667,"Mp","Machine plot",82.8568637763333
94,69.8679891436667,13,116.72822054,2024-09-22 10:25:46.303,3.91666666666667,"5.7","High acid",46.8602313963333
94,69.8679891436667,14,109.80753616,2024-09-22 10:33:47.24,3.91666666666667,"0-bp","No acid",39.9395470163333
94,69.8679891436667,15,121.89669508,2024-09-22 10:41:47.16,3.91666666666667,"1.5","Low acid",52.0287059363333
94,69.8679891436667,17,122.49976182,2024-09-22 10:57:45.45,3.91666666666667,"2.9","Medium acid",52.6317726763333
94,69.8679891436667,18,140.61082863,2024-09-22 11:05:45.483,3.91666666666667,"Mp","Machine plot",70.7428394863333
94,69.8679891436667,19,111.85360464,2024-09-22 11:13:45.309,3.91666666666667,"5.7","High acid",41.9856154963333
96,82.3232452366667,1,113.7175888,2024-09-22 11:21:45.246,4,"Mp","Machine plot",31.3943435633333
96,82.3232452366667,2,82.459228265,2024-09-22 11:29:45.4,4,"0-bp","No acid",0.135983028333328
96,82.3232452366667,3,96.20623147,2024-09-22 11:37:44.822,4,"1.5","Low acid",13.8829862333333
96,82.3232452366667,4,84.206461794,2024-09-22 11:45:44.786,4,"2.9","Medium acid",1.88321655733334
96,82.3232452366667,6,83.078985058,2024-09-22 12:01:44.22,4,"0-bp","No acid",0.755739821333336
96,82.3232452366667,7,90.11542217,2024-09-22 12:09:43.602,4,"5.7","High acid",7.79217693333334
96,82.3232452366667,8,138.72849289,2024-09-22 12:17:44.007,4,"Mp","Machine plot",56.4052476533333
96,82.3232452366667,10,149.36947626,2024-09-22 12:33:43.529,4,"1.5","Low acid",67.0462310233333
96,82.3232452366667,11,137.02388859,2024-09-22 12:41:42.594,4,"2.9","Medium acid",54.7006433533333
96,82.3232452366667,12,162.17246509,2024-09-22 12:49:43.467,4,"Mp","Machine plot",79.8492198533333
96,82.3232452366667,13,141.17123169,2024-09-22 12:57:42.506,4,"5.7","High acid",58.8479864533333
96,82.3232452366667,14,131.83439843,2024-09-22 13:05:42.536,4,"0-bp","No acid",49.5111531933333
96,82.3232452366667,15,152.86524913,2024-09-22 13:13:42.414,4,"1.5","Low acid",70.5420038933333
96,82.3232452366667,17,152.67152179,2024-09-22 13:29:41.107,4,"2.9","Medium acid",70.3482765533333
96,82.3232452366667,18,169.71354723,2024-09-22 13:37:40.857,4,"Mp","Machine plot",87.3903019933333
96,82.3232452366667,19,140.83654682,2024-09-22 13:45:41.457,4,"5.7","High acid",58.5133015833333
99,71.6224964273333,1,118.77851297,2024-09-22 13:53:41.122,4.125,"Mp","Machine plot",47.1560165426667
99,71.6224964273333,2,74.065337732,2024-09-22 14:01:40.78,4.125,"0-bp","No acid",2.44284130466667
99,71.6224964273333,3,79.303438999,2024-09-22 14:09:40.107,4.125,"1.5","Low acid",7.68094257166666
99,71.6224964273333,4,74.97662704,2024-09-22 14:17:39.979,4.125,"2.9","Medium acid",3.35413061266667
99,71.6224964273333,6,70.058537237,2024-09-22 14:33:39.493,4.125,"0-bp","No acid",-1.56395919033334
99,71.6224964273333,7,75.934073686,2024-09-22 14:41:39.23,4.125,"5.7","High acid",4.31157725866667
99,71.6224964273333,8,117.48681888,2024-09-22 14:49:38.278,4.125,"Mp","Machine plot",45.8643224526667
99,71.6224964273333,10,127.6427382,2024-09-22 15:05:38.625,4.125,"1.5","Low acid",56.0202417726667
99,71.6224964273333,11,112.40753557,2024-09-22 15:13:38.223,4.125,"2.9","Medium acid",40.7850391426667
99,71.6224964273333,12,140.56051229,2024-09-22 15:21:38.678,4.125,"Mp","Machine plot",68.9380158626667
99,71.6224964273333,13,120.30818285,2024-09-22 15:29:38.163,4.125,"5.7","High acid",48.6856864226667
99,71.6224964273333,14,110.96562861,2024-09-22 15:37:36.984,4.125,"0-bp","No acid",39.3431321826667
99,71.6224964273333,15,120.3105408,2024-09-22 15:45:37.328,4.125,"1.5","Low acid",48.6880443726667
99,71.6224964273333,17,120.2583218,2024-09-22 16:01:36.279,4.125,"2.9","Medium acid",48.6358253726667
99,71.6224964273333,18,126.26966494,2024-09-22 16:09:35.857,4.125,"Mp","Machine plot",54.6471685126667
99,71.6224964273333,19,105.68526815,2024-09-22 16:17:36.223,4.125,"5.7","High acid",34.0627717226667
101,41.9963138923333,1,78.106861072,2024-09-22 16:25:34.934,4.20833333333333,"Mp","Machine plot",36.1105471796667
101,41.9963138923333,2,53.648892403,2024-09-22 16:33:35.691,4.20833333333333,"0-bp","No acid",11.6525785106667
101,41.9963138923333,3,53.950925158,2024-09-22 16:41:34.818,4.20833333333333,"1.5","Low acid",11.9546112656667
101,41.9963138923333,4,46.547548873,2024-09-22 16:49:34.694,4.20833333333333,"2.9","Medium acid",4.55123498066666
101,41.9963138923333,6,40.596487959,2024-09-22 17:05:34.135,4.20833333333333,"0-bp","No acid",-1.39982593333333
101,41.9963138923333,7,37.145806892,2024-09-22 17:13:34.79,4.20833333333333,"5.7","High acid",-4.85050700033333
101,41.9963138923333,8,49.712299547,2024-09-22 17:21:34.073,4.20833333333333,"Mp","Machine plot",7.71598565466667
101,41.9963138923333,10,73.745456769,2024-09-22 17:37:33.388,4.20833333333333,"1.5","Low acid",31.7491428766667
101,41.9963138923333,11,64.052297136,2024-09-22 17:45:33.006,4.20833333333333,"2.9","Medium acid",22.0559832436667
101,41.9963138923333,12,72.316369876,2024-09-22 17:53:33.408,4.20833333333333,"Mp","Machine plot",30.3200559836667
101,41.9963138923333,13,66.691804132,2024-09-22 18:01:33.012,4.20833333333333,"5.7","High acid",24.6954902396667
101,41.9963138923333,14,62.591984761,2024-09-22 18:09:31.752,4.20833333333333,"0-bp","No acid",20.5956708686667
101,41.9963138923333,15,65.347184821,2024-09-22 18:17:32.115,4.20833333333333,"1.5","Low acid",23.3508709286667
101,41.9963138923333,17,65.398094783,2024-09-22 18:33:31.401,4.20833333333333,"2.9","Medium acid",23.4017808906667
101,41.9963138923333,18,61.906202482,2024-09-22 18:41:31.292,4.20833333333333,"Mp","Machine plot",19.9098885896667
101,41.9963138923333,19,57.719166567,2024-09-22 18:49:30.97,4.20833333333333,"5.7","High acid",15.7228526746667
104,29.8830649266667,1,34.094881982,2024-09-22 18:57:30.617,4.33333333333333,"Mp","Machine plot",4.21181705533333
104,29.8830649266667,2,24.054605184,2024-09-22 19:05:29.966,4.33333333333333,"0-bp","No acid",-5.82845974266667
104,29.8830649266667,3,28.495859616,2024-09-22 19:13:30.223,4.33333333333333,"1.5","Low acid",-1.38720531066667
104,29.8830649266667,4,21.722377415,2024-09-22 19:21:30.207,4.33333333333333,"2.9","Medium acid",-8.16068751166667
104,29.8830649266667,6,23.577406152,2024-09-22 19:37:28.917,4.33333333333333,"0-bp","No acid",-6.30565877466667
104,29.8830649266667,7,19.61554224,2024-09-22 19:45:29.877,4.33333333333333,"5.7","High acid",-10.2675226866667
104,29.8830649266667,8,29.683336151,2024-09-22 19:53:29.085,4.33333333333333,"Mp","Machine plot",-0.199728775666667
104,29.8830649266667,10,47.103711086,2024-09-22 20:09:28.559,4.33333333333333,"1.5","Low acid",17.2206461593333
104,29.8830649266667,11,42.878662369,2024-09-22 20:17:27.677,4.33333333333333,"2.9","Medium acid",12.9955974423333
104,29.8830649266667,12,48.422510603,2024-09-22 20:25:27.706,4.33333333333333,"Mp","Machine plot",18.5394456763333
104,29.8830649266667,13,46.870915819,2024-09-22 20:33:26.688,4.33333333333333,"5.7","High acid",16.9878508923333
104,29.8830649266667,14,44.202344929,2024-09-22 20:41:28.017,4.33333333333333,"0-bp","No acid",14.3192800023333
104,29.8830649266667,15,46.163299788,2024-09-22 20:49:27.148,4.33333333333333,"1.5","Low acid",16.2802348613333
104,29.8830649266667,17,48.261213759,2024-09-22 21:05:26.095,4.33333333333333,"2.9","Medium acid",18.3781488323333
104,29.8830649266667,18,49.522614374,2024-09-22 21:13:26.734,4.33333333333333,"Mp","Machine plot",19.6395494473333
104,29.8830649266667,19,43.994426515,2024-09-22 21:21:26.415,4.33333333333333,"5.7","High acid",14.1113615883333
106,33.614621523,1,28.104672277,2024-09-22 21:29:26.253,4.41666666666667,"Mp","Machine plot",-5.509949246
106,33.614621523,2,19.549744078,2024-09-22 21:37:25.551,4.41666666666667,"0-bp","No acid",-14.064877445
106,33.614621523,3,24.032574775,2024-09-22 21:45:25.894,4.41666666666667,"1.5","Low acid",-9.582046748
106,33.614621523,4,18.202320353,2024-09-22 21:53:25.028,4.41666666666667,"2.9","Medium acid",-15.41230117
106,33.614621523,6,21.678405111,2024-09-22 22:09:25.486,4.41666666666667,"0-bp","No acid",-11.936216412
106,33.614621523,7,17.208392509,2024-09-22 22:17:23.98,4.41666666666667,"5.7","High acid",-16.406229014
106,33.614621523,8,33.260948099,2024-09-22 22:25:24.368,4.41666666666667,"Mp","Machine plot",-0.353673424
106,33.614621523,10,42.69480156,2024-09-22 22:41:23.95,4.41666666666667,"1.5","Low acid",9.080180037
106,33.614621523,11,39.461786877,2024-09-22 22:49:23.256,4.41666666666667,"2.9","Medium acid",5.847165354
106,33.614621523,12,47.560041248,2024-09-22 22:57:23.634,4.41666666666667,"Mp","Machine plot",13.945419725
106,33.614621523,13,43.486229913,2024-09-22 23:05:22.963,4.41666666666667,"5.7","High acid",9.87160839000001
106,33.614621523,14,42.273395378,2024-09-22 23:13:22.392,4.41666666666667,"0-bp","No acid",8.658773855
106,33.614621523,15,43.414369627,2024-09-22 23:21:22.503,4.41666666666667,"1.5","Low acid",9.799748104
106,33.614621523,17,46.68804405,2024-09-22 23:37:22.596,4.41666666666667,"2.9","Medium acid",13.073422527
106,33.614621523,18,53.028736483,2024-09-22 23:45:22.015,4.41666666666667,"Mp","Machine plot",19.41411496
106,33.614621523,19,42.637022949,2024-09-22 23:53:21.645,4.41666666666667,"5.7","High acid",9.022401426
109,28.9605600923333,1,33.137880173,2024-09-23 00:01:21.089,4.54166666666667,"Mp","Machine plot",4.17732008066666
109,28.9605600923333,2,19.740057814,2024-09-23 00:09:20.852,4.54166666666667,"0-bp","No acid",-9.22050227833333
109,28.9605600923333,3,24.870670889,2024-09-23 00:17:20.619,4.54166666666667,"1.5","Low acid",-4.08988920333334
109,28.9605600923333,4,19.980203008,2024-09-23 00:25:20.503,4.54166666666667,"2.9","Medium acid",-8.98035708433333
109,28.9605600923333,6,25.221060701,2024-09-23 00:41:19.782,4.54166666666667,"0-bp","No acid",-3.73949939133334
109,28.9605600923333,7,17.082457005,2024-09-23 00:49:20.404,4.54166666666667,"5.7","High acid",-11.8781030873333
109,28.9605600923333,8,40.97771995,2024-09-23 00:57:19.413,4.54166666666667,"Mp","Machine plot",12.0171598576667
109,28.9605600923333,10,41.943641244,2024-09-23 01:13:19.726,4.54166666666667,"1.5","Low acid",12.9830811516667
109,28.9605600923333,11,37.35658839,2024-09-23 01:21:19.184,4.54166666666667,"2.9","Medium acid",8.39602829766666
109,28.9605600923333,12,47.660415798,2024-09-23 01:29:18.619,4.54166666666667,"Mp","Machine plot",18.6998557056667
109,28.9605600923333,13,40.906355233,2024-09-23 01:37:18.365,4.54166666666667,"5.7","High acid",11.9457951406667
109,28.9605600923333,14,39.810342188,2024-09-23 01:45:17.94,4.54166666666667,"0-bp","No acid",10.8497820956667
109,28.9605600923333,15,40.309096041,2024-09-23 01:53:18.253,4.54166666666667,"1.5","Low acid",11.3485359486667
109,28.9605600923333,17,43.010464494,2024-09-23 02:09:17.4,4.54166666666667,"2.9","Medium acid",14.0499044016667
109,28.9605600923333,18,50.931528347,2024-09-23 02:17:17.196,4.54166666666667,"Mp","Machine plot",21.9709682546667
109,28.9605600923333,19,39.442667623,2024-09-23 02:25:15.934,4.54166666666667,"5.7","High acid",10.4821075306667
111,26.4689973303333,1,31.773946056,2024-09-23 02:33:16.707,4.625,"Mp","Machine plot",5.30494872566667
111,26.4689973303333,2,18.201427877,2024-09-23 02:41:16.923,4.625,"0-bp","No acid",-8.26756945333333
111,26.4689973303333,3,22.99767921,2024-09-23 02:49:16.115,4.625,"1.5","Low acid",-3.47131812033333
111,26.4689973303333,4,19.029683077,2024-09-23 02:57:15.15,4.625,"2.9","Medium acid",-7.43931425333333
111,26.4689973303333,6,23.356226704,2024-09-23 03:13:14.615,4.625,"0-bp","No acid",-3.11277062633333
111,26.4689973303333,7,15.0103312,2024-09-23 03:21:14.778,4.625,"5.7","High acid",-11.4586661303333
111,26.4689973303333,8,37.978373805,2024-09-23 03:29:14.243,4.625,"Mp","Machine plot",11.5093764746667
111,26.4689973303333,10,37.690234425,2024-09-23 03:45:14.325,4.625,"1.5","Low acid",11.2212370946667
111,26.4689973303333,11,32.970366591,2024-09-23 03:53:13.71,4.625,"2.9","Medium acid",6.50136926066667
111,26.4689973303333,12,43.701080145,2024-09-23 04:01:13.959,4.625,"Mp","Machine plot",17.2320828146667
111,26.4689973303333,13,36.797353636,2024-09-23 04:09:13.572,4.625,"5.7","High acid",10.3283563056667
111,26.4689973303333,14,36.461073586,2024-09-23 04:17:13.049,4.625,"0-bp","No acid",9.99207625566666
111,26.4689973303333,15,36.261748254,2024-09-23 04:25:12.611,4.625,"1.5","Low acid",9.79275092366666
111,26.4689973303333,17,39.448192456,2024-09-23 04:41:12.469,4.625,"2.9","Medium acid",12.9791951256667
111,26.4689973303333,18,47.261464009,2024-09-23 04:49:11.881,4.625,"Mp","Machine plot",20.7924666786667
111,26.4689973303333,19,37.147041132,2024-09-23 04:57:12.176,4.625,"5.7","High acid",10.6780438016667
114,27.6906209786667,1,31.992571943,2024-09-23 05:05:11.836,4.75,"Mp","Machine plot",4.30195096433333
114,27.6906209786667,2,18.006844626,2024-09-23 05:13:11.796,4.75,"0-bp","No acid",-9.68377635266667
114,27.6906209786667,3,23.735561606,2024-09-23 05:21:10.71,4.75,"1.5","Low acid",-3.95505937266667
114,27.6906209786667,4,19.269997219,2024-09-23 05:29:11.198,4.75,"2.9","Medium acid",-8.42062375966667
114,27.6906209786667,6,24.330527744,2024-09-23 05:45:10.694,4.75,"0-bp","No acid",-3.36009323466667
114,27.6906209786667,7,16.602416307,2024-09-23 05:53:10.21,4.75,"5.7","High acid",-11.0882046716667
114,27.6906209786667,8,38.853967673,2024-09-23 06:01:09.535,4.75,"Mp","Machine plot",11.1633466943333
114,27.6906209786667,10,44.018944868,2024-09-23 06:17:09.24,4.75,"1.5","Low acid",16.3283238893333
114,27.6906209786667,11,39.318402106,2024-09-23 06:25:09.865,4.75,"2.9","Medium acid",11.6277811273333
114,27.6906209786667,12,50.736538983,2024-09-23 06:33:07.858,4.75,"Mp","Machine plot",23.0459180043333
114,27.6906209786667,13,44.306043649,2024-09-23 06:41:08.917,4.75,"5.7","High acid",16.6154226703333
114,27.6906209786667,14,45.112704019,2024-09-23 06:49:08.622,4.75,"0-bp","No acid",17.4220830403333
114,27.6906209786667,15,44.611327201,2024-09-23 06:57:08.619,4.75,"1.5","Low acid",16.9207062223333
114,27.6906209786667,17,50.163050851,2024-09-23 07:13:07.701,4.75,"2.9","Medium acid",22.4724298723333
114,27.6906209786667,18,59.538276169,2024-09-23 07:21:06.917,4.75,"Mp","Machine plot",31.8476551903333
114,27.6906209786667,19,47.503496263,2024-09-23 07:29:06.95,4.75,"5.7","High acid",19.8128752843333
116,35.8954669886667,1,45.981791672,2024-09-23 07:37:06.986,4.83333333333333,"Mp","Machine plot",10.0863246833333
116,35.8954669886667,2,26.318350048,2024-09-23 07:45:06.604,4.83333333333333,"0-bp","No acid",-9.57711694066667
116,35.8954669886667,3,33.244573,2024-09-23 07:53:06.496,4.83333333333333,"1.5","Low acid",-2.65089398866667
116,35.8954669886667,4,30.914744058,2024-09-23 08:01:06.743,4.83333333333333,"2.9","Medium acid",-4.98072293066667
116,35.8954669886667,6,37.030755469,2024-09-23 08:17:05.822,4.83333333333333,"0-bp","No acid",1.13528848033333
116,35.8954669886667,7,24.731500149,2024-09-23 08:25:04.578,4.83333333333333,"5.7","High acid",-11.1639668396667
116,35.8954669886667,8,54.186587628,2024-09-23 08:33:05.726,4.83333333333333,"Mp","Machine plot",18.2911206393333
116,35.8954669886667,10,57.744721881,2024-09-23 08:49:04.206,4.83333333333333,"1.5","Low acid",21.8492548923333
116,35.8954669886667,11,52.295858663,2024-09-23 08:57:04.006,4.83333333333333,"2.9","Medium acid",16.4003916743333
116,35.8954669886667,12,69.841255106,2024-09-23 09:05:04.049,4.83333333333333,"Mp","Machine plot",33.9457881173333
116,35.8954669886667,13,57.994261518,2024-09-23 09:13:03.368,4.83333333333333,"5.7","High acid",22.0987945293333
116,35.8954669886667,14,62.973593276,2024-09-23 09:21:02.839,4.83333333333333,"0-bp","No acid",27.0781262873333
116,35.8954669886667,15,59.325029394,2024-09-23 09:29:03.01,4.83333333333333,"1.5","Low acid",23.4295624053333
116,35.8954669886667,17,68.602678969,2024-09-23 09:45:02.367,4.83333333333333,"2.9","Medium acid",32.7072119803333
116,35.8954669886667,18,88.33529785,2024-09-23 09:53:02.207,4.83333333333333,"Mp","Machine plot",52.4398308613333
116,35.8954669886667,19,62.394420088,2024-09-23 10:01:02.006,4.83333333333333,"5.7","High acid",26.4989530993333
119,60.2984746513333,1,64.464445068,2024-09-23 10:09:02.732,4.95833333333333,"Mp","Machine plot",4.16597041666667
119,60.2984746513333,2,45.427250548,2024-09-23 10:17:02.19,4.95833333333333,"0-bp","No acid",-14.8712241033333
119,60.2984746513333,3,57.562341125,2024-09-23 10:25:01.691,4.95833333333333,"1.5","Low acid",-2.73613352633333
119,60.2984746513333,4,58.490595403,2024-09-23 10:33:00.884,4.95833333333333,"2.9","Medium acid",-1.80787924833334
119,60.2984746513333,6,60.975078185,2024-09-23 10:49:00.954,4.95833333333333,"0-bp","No acid",0.676603533666665
119,60.2984746513333,7,58.9000624,2024-09-23 10:57:00.28,4.95833333333333,"5.7","High acid",-1.39841225133333
119,60.2984746513333,8,89.900709622,2024-09-23 11:04:59.845,4.95833333333333,"Mp","Machine plot",29.6022349706667
119,60.2984746513333,10,88.062387383,2024-09-23 11:20:59.535,4.95833333333333,"1.5","Low acid",27.7639127316667
119,60.2984746513333,11,101.97157287,2024-09-23 11:28:59.858,4.95833333333333,"2.9","Medium acid",41.6730982186667
119,60.2984746513333,12,110.83450662,2024-09-23 11:36:59.367,4.95833333333333,"Mp","Machine plot",50.5360319686667
119,60.2984746513333,13,95.339900692,2024-09-23 11:44:58.977,4.95833333333333,"5.7","High acid",35.0414260406667
119,60.2984746513333,14,82.655151412,2024-09-23 11:52:59.243,4.95833333333333,"0-bp","No acid",22.3566767606667
119,60.2984746513333,15,91.700982968,2024-09-23 12:00:58.703,4.95833333333333,"1.5","Low acid",31.4025083166667
119,60.2984746513333,17,121.92738774,2024-09-23 12:16:57.693,4.95833333333333,"2.9","Medium acid",61.6289130886667
119,60.2984746513333,18,107.97766379,2024-09-23 12:24:58.188,4.95833333333333,"Mp","Machine plot",47.6791891386667
119,60.2984746513333,19,97.182050342,2024-09-23 12:32:57.631,4.95833333333333,"5.7","High acid",36.8835756906667
